stadium no,total runs,batsman runs,batsman avg,batsman strike rate,batsman 4s,batsman 6s,bowler maidens,bowler runs conceded,bowler wickets,bowler average,bowler economy,bowler strike rate
16.0,0.0,349.0,29.08,113.68,33.0,15.0,1.0,366.0,11.0,33.27,8.19,24.3
16.0,1.0,188.0,62.66,204.34,13.0,15.0,1.0,366.0,11.0,33.27,8.19,24.3
16.0,1.0,188.0,62.66,204.34,13.0,15.0,1.0,366.0,11.0,33.27,8.19,24.3
16.0,2.0,188.0,62.66,204.34,13.0,15.0,1.0,366.0,11.0,33.27,8.19,24.3
16.0,2.0,188.0,62.66,204.34,13.0,15.0,1.0,366.0,11.0,33.27,8.19,24.3
16.0,2.0,188.0,62.66,204.34,13.0,15.0,1.0,366.0,11.0,33.27,8.19,24.3
16.0,2.0,188.0,62.66,204.34,13.0,15.0,1.0,366.0,11.0,33.27,8.19,24.3
16.0,3.0,188.0,62.66,204.34,13.0,15.0,0.0,357.0,13.0,27.46,8.5,19.3
16.0,3.0,188.0,62.66,204.34,13.0,15.0,0.0,357.0,13.0,27.46,8.5,19.3
16.0,7.0,188.0,62.66,204.34,13.0,15.0,0.0,357.0,13.0,27.46,8.5,19.3
16.0,11.0,188.0,62.66,204.34,13.0,15.0,0.0,357.0,13.0,27.46,8.5,19.3
16.0,17.0,188.0,62.66,204.34,13.0,15.0,0.0,357.0,13.0,27.46,8.5,19.3
16.0,21.0,188.0,62.66,204.34,13.0,15.0,0.0,357.0,13.0,27.46,8.5,19.3
16.0,21.0,349.0,29.08,113.68,33.0,15.0,1.0,366.0,11.0,33.27,8.19,24.3
16.0,21.0,349.0,29.08,113.68,33.0,15.0,1.0,366.0,11.0,33.27,8.19,24.3
16.0,21.0,349.0,29.08,113.68,33.0,15.0,1.0,366.0,11.0,33.27,8.19,24.3
16.0,22.0,188.0,62.66,204.34,13.0,15.0,1.0,366.0,11.0,33.27,8.19,24.3
16.0,26.0,188.0,62.66,204.34,13.0,15.0,1.0,366.0,11.0,33.27,8.19,24.3
16.0,27.0,349.0,29.08,113.68,33.0,15.0,1.0,366.0,11.0,33.27,8.19,24.3
16.0,27.0,188.0,62.66,204.34,13.0,15.0,0.0,40.0,1.0,40.0,10.0,24.0
16.0,32.0,188.0,62.66,204.34,13.0,15.0,0.0,40.0,1.0,40.0,10.0,24.0
16.0,38.0,188.0,62.66,204.34,13.0,15.0,0.0,40.0,1.0,40.0,10.0,24.0
16.0,39.0,349.0,29.08,113.68,33.0,15.0,0.0,40.0,1.0,40.0,10.0,24.0
16.0,43.0,349.0,29.08,113.68,33.0,15.0,0.0,40.0,1.0,40.0,10.0,24.0
16.0,43.0,349.0,29.08,113.68,33.0,15.0,0.0,40.0,1.0,40.0,10.0,24.0
16.0,44.0,188.0,62.66,204.34,13.0,15.0,0.0,40.0,1.0,40.0,10.0,24.0
16.0,50.0,349.0,29.08,113.68,33.0,15.0,1.0,366.0,11.0,33.27,8.19,24.3
16.0,54.0,349.0,29.08,113.68,33.0,15.0,1.0,366.0,11.0,33.27,8.19,24.3
16.0,55.0,188.0,62.66,204.34,13.0,15.0,1.0,366.0,11.0,33.27,8.19,24.3
16.0,59.0,188.0,62.66,204.34,13.0,15.0,1.0,366.0,11.0,33.27,8.19,24.3
16.0,59.0,188.0,62.66,204.34,13.0,15.0,1.0,366.0,11.0,33.27,8.19,24.3
16.0,60.0,349.0,29.08,113.68,33.0,15.0,1.0,366.0,11.0,33.27,8.19,24.3
16.0,60.0,188.0,62.66,204.34,13.0,15.0,0.0,357.0,13.0,27.46,8.5,19.3
16.0,61.0,349.0,29.08,113.68,33.0,15.0,0.0,357.0,13.0,27.46,8.5,19.3
16.0,61.0,39.0,9.75,73.58,2.0,1.0,0.0,357.0,13.0,27.46,8.5,19.3
16.0,61.0,39.0,9.75,73.58,2.0,1.0,0.0,357.0,13.0,27.46,8.5,19.3
16.0,61.0,39.0,9.75,73.58,2.0,1.0,0.0,357.0,13.0,27.46,8.5,19.3
16.0,61.0,39.0,9.75,73.58,2.0,1.0,0.0,357.0,13.0,27.46,8.5,19.3
16.0,0.0,371.0,28.53,124.49,35.0,11.0,0.0,260.0,9.0,28.88,6.66,26.0
16.0,1.0,115.0,19.16,110.57,12.0,3.0,0.0,260.0,9.0,28.88,6.66,26.0
16.0,2.0,115.0,19.16,110.57,12.0,3.0,0.0,260.0,9.0,28.88,6.66,26.0
16.0,2.0,115.0,19.16,110.57,12.0,3.0,0.0,260.0,9.0,28.88,6.66,26.0
16.0,3.0,371.0,28.53,124.49,35.0,11.0,0.0,260.0,9.0,28.88,6.66,26.0
16.0,4.0,115.0,19.16,110.57,12.0,3.0,0.0,260.0,9.0,28.88,6.66,26.0
16.0,4.0,115.0,19.16,110.57,12.0,3.0,0.0,260.0,9.0,28.88,6.66,26.0
16.0,4.0,371.0,28.53,124.49,35.0,11.0,1.0,329.0,7.0,47.0,7.8,36.1
16.0,4.0,165.0,15.0,105.09,18.0,4.0,1.0,329.0,7.0,47.0,7.8,36.1
16.0,4.0,165.0,15.0,105.09,18.0,4.0,1.0,329.0,7.0,47.0,7.8,36.1
16.0,8.0,165.0,15.0,105.09,18.0,4.0,1.0,329.0,7.0,47.0,7.8,36.1
16.0,9.0,115.0,19.16,110.57,12.0,3.0,1.0,329.0,7.0,47.0,7.8,36.1
16.0,9.0,115.0,19.16,110.57,12.0,3.0,1.0,329.0,7.0,47.0,7.8,36.1
16.0,9.0,165.0,15.0,105.09,18.0,4.0,0.0,260.0,9.0,28.88,6.66,26.0
16.0,9.0,165.0,15.0,105.09,18.0,4.0,0.0,260.0,9.0,28.88,6.66,26.0
16.0,9.0,199.0,18.09,108.74,23.0,4.0,0.0,260.0,9.0,28.88,6.66,26.0
16.0,10.0,115.0,19.16,110.57,12.0,3.0,0.0,260.0,9.0,28.88,6.66,26.0
16.0,10.0,115.0,19.16,110.57,12.0,3.0,0.0,260.0,9.0,28.88,6.66,26.0
16.0,11.0,115.0,19.16,110.57,12.0,3.0,0.0,260.0,9.0,28.88,6.66,26.0
16.0,11.0,115.0,19.16,110.57,12.0,3.0,0.0,260.0,9.0,28.88,6.66,26.0
16.0,12.0,115.0,19.16,110.57,12.0,3.0,1.0,329.0,7.0,47.0,7.8,36.1
16.0,14.0,115.0,19.16,110.57,12.0,3.0,1.0,329.0,7.0,47.0,7.8,36.1
16.0,15.0,199.0,18.09,108.74,23.0,4.0,1.0,329.0,7.0,47.0,7.8,36.1
16.0,15.0,199.0,18.09,108.74,23.0,4.0,1.0,329.0,7.0,47.0,7.8,36.1
16.0,16.0,115.0,19.16,110.57,12.0,3.0,1.0,329.0,7.0,47.0,7.8,36.1
16.0,16.0,115.0,19.16,110.57,12.0,3.0,1.0,329.0,7.0,47.0,7.8,36.1
16.0,16.0,199.0,18.09,108.74,23.0,4.0,0.0,207.0,8.0,25.87,7.96,19.5
16.0,17.0,115.0,19.16,110.57,12.0,3.0,0.0,207.0,8.0,25.87,7.96,19.5
16.0,18.0,199.0,18.09,108.74,23.0,4.0,0.0,207.0,8.0,25.87,7.96,19.5
16.0,18.0,199.0,18.09,108.74,23.0,4.0,0.0,207.0,8.0,25.87,7.96,19.5
16.0,24.0,199.0,18.09,108.74,23.0,4.0,0.0,207.0,8.0,25.87,7.96,19.5
16.0,24.0,114.0,16.28,111.76,8.0,4.0,0.0,207.0,8.0,25.87,7.96,19.5
16.0,24.0,115.0,19.16,110.57,12.0,3.0,0.0,260.0,9.0,28.88,6.66,26.0
16.0,24.0,115.0,19.16,110.57,12.0,3.0,0.0,260.0,9.0,28.88,6.66,26.0
16.0,24.0,225.0,32.14,127.11,24.0,6.0,0.0,260.0,9.0,28.88,6.66,26.0
16.0,24.0,225.0,32.14,127.11,24.0,6.0,0.0,260.0,9.0,28.88,6.66,26.0
16.0,25.0,114.0,16.28,111.76,8.0,4.0,0.0,260.0,9.0,28.88,6.66,26.0
16.0,26.0,225.0,32.14,127.11,24.0,6.0,0.0,260.0,9.0,28.88,6.66,26.0
28.0,0.0,302.0,27.45,101.68,42.0,3.0,0.0,112.0,4.0,28.0,7.0,24.0
28.0,0.0,302.0,27.45,101.68,42.0,3.0,0.0,112.0,4.0,28.0,7.0,24.0
28.0,0.0,302.0,27.45,101.68,42.0,3.0,0.0,112.0,4.0,28.0,7.0,24.0
28.0,1.0,189.0,63.0,144.27,24.0,6.0,0.0,112.0,4.0,28.0,7.0,24.0
28.0,1.0,189.0,63.0,144.27,24.0,6.0,0.0,112.0,4.0,28.0,7.0,24.0
28.0,5.0,189.0,63.0,144.27,24.0,6.0,0.0,112.0,4.0,28.0,7.0,24.0
28.0,5.0,302.0,27.45,101.68,42.0,3.0,0.0,442.0,19.0,23.26,8.63,16.1
28.0,9.0,302.0,27.45,101.68,42.0,3.0,0.0,442.0,19.0,23.26,8.63,16.1
28.0,13.0,302.0,27.45,101.68,42.0,3.0,0.0,442.0,19.0,23.26,8.63,16.1
28.0,17.0,302.0,27.45,101.68,42.0,3.0,0.0,442.0,19.0,23.26,8.63,16.1
28.0,19.0,302.0,27.45,101.68,42.0,3.0,0.0,442.0,19.0,23.26,8.63,16.1
28.0,20.0,302.0,27.45,101.68,42.0,3.0,0.0,442.0,19.0,23.26,8.63,16.1
28.0,20.0,302.0,27.45,101.68,42.0,3.0,0.0,442.0,19.0,23.26,8.63,16.1
28.0,20.0,189.0,63.0,144.27,24.0,6.0,0.0,112.0,4.0,28.0,7.0,24.0
28.0,20.0,189.0,63.0,144.27,24.0,6.0,0.0,112.0,4.0,28.0,7.0,24.0
28.0,25.0,189.0,63.0,144.27,24.0,6.0,0.0,112.0,4.0,28.0,7.0,24.0
28.0,25.0,189.0,63.0,144.27,24.0,6.0,0.0,112.0,4.0,28.0,7.0,24.0
28.0,26.0,302.0,27.45,101.68,42.0,3.0,0.0,112.0,4.0,28.0,7.0,24.0
28.0,26.0,168.0,84.0,168.0,12.0,11.0,0.0,112.0,4.0,28.0,7.0,24.0
28.0,27.0,189.0,63.0,144.27,24.0,6.0,0.0,112.0,4.0,28.0,7.0,24.0
28.0,27.0,168.0,84.0,168.0,12.0,11.0,0.0,442.0,19.0,23.26,8.63,16.1
28.0,27.0,168.0,84.0,168.0,12.0,11.0,0.0,442.0,19.0,23.26,8.63,16.1
28.0,27.0,168.0,84.0,168.0,12.0,11.0,0.0,442.0,19.0,23.26,8.63,16.1
28.0,28.0,189.0,63.0,144.27,24.0,6.0,0.0,442.0,19.0,23.26,8.63,16.1
28.0,29.0,168.0,84.0,168.0,12.0,11.0,0.0,442.0,19.0,23.26,8.63,16.1
28.0,29.0,168.0,84.0,168.0,12.0,11.0,0.0,442.0,19.0,23.26,8.63,16.1
28.0,33.0,189.0,63.0,144.27,24.0,6.0,0.0,112.0,4.0,28.0,7.0,24.0
28.0,33.0,189.0,63.0,144.27,24.0,6.0,0.0,112.0,4.0,28.0,7.0,24.0
28.0,34.0,168.0,84.0,168.0,12.0,11.0,0.0,112.0,4.0,28.0,7.0,24.0
28.0,38.0,168.0,84.0,168.0,12.0,11.0,0.0,112.0,4.0,28.0,7.0,24.0
28.0,42.0,168.0,84.0,168.0,12.0,11.0,0.0,112.0,4.0,28.0,7.0,24.0
28.0,42.0,168.0,84.0,168.0,12.0,11.0,0.0,112.0,4.0,28.0,7.0,24.0
28.0,42.0,189.0,63.0,144.27,24.0,6.0,0.0,276.0,7.0,39.42,9.85,24.0
28.0,46.0,189.0,63.0,144.27,24.0,6.0,0.0,276.0,7.0,39.42,9.85,24.0
28.0,52.0,189.0,63.0,144.27,24.0,6.0,0.0,276.0,7.0,39.42,9.85,24.0
28.0,52.0,189.0,63.0,144.27,24.0,6.0,0.0,276.0,7.0,39.42,9.85,24.0
28.0,53.0,168.0,84.0,168.0,12.0,11.0,0.0,276.0,7.0,39.42,9.85,24.0
28.0,53.0,168.0,84.0,168.0,12.0,11.0,0.0,276.0,7.0,39.42,9.85,24.0
28.0,0.0,76.0,12.66,97.43,7.0,4.0,0.0,149.0,3.0,49.66,9.31,32.0
28.0,4.0,76.0,12.66,97.43,7.0,4.0,0.0,149.0,3.0,49.66,9.31,32.0
28.0,4.0,76.0,12.66,97.43,7.0,4.0,0.0,149.0,3.0,49.66,9.31,32.0
28.0,4.0,76.0,12.66,97.43,7.0,4.0,0.0,149.0,3.0,49.66,9.31,32.0
28.0,5.0,221.0,20.09,149.32,27.0,8.0,0.0,149.0,3.0,49.66,9.31,32.0
28.0,5.0,221.0,20.09,149.32,27.0,8.0,0.0,149.0,3.0,49.66,9.31,32.0
28.0,9.0,76.0,12.66,97.43,7.0,4.0,3.0,443.0,17.0,26.05,7.38,21.1
28.0,10.0,221.0,20.09,149.32,27.0,8.0,3.0,443.0,17.0,26.05,7.38,21.1
28.0,10.0,221.0,20.09,149.32,27.0,8.0,3.0,443.0,17.0,26.05,7.38,21.1
28.0,11.0,76.0,12.66,97.43,7.0,4.0,3.0,443.0,17.0,26.05,7.38,21.1
28.0,11.0,76.0,12.66,97.43,7.0,4.0,3.0,443.0,17.0,26.05,7.38,21.1
28.0,15.0,76.0,12.66,97.43,7.0,4.0,3.0,443.0,17.0,26.05,7.38,21.1
28.0,16.0,76.0,12.66,97.43,7.0,4.0,0.0,149.0,3.0,49.66,9.31,32.0
28.0,17.0,221.0,20.09,149.32,27.0,8.0,0.0,149.0,3.0,49.66,9.31,32.0
28.0,21.0,221.0,20.09,149.32,27.0,8.0,0.0,149.0,3.0,49.66,9.31,32.0
28.0,21.0,221.0,20.09,149.32,27.0,8.0,0.0,149.0,3.0,49.66,9.31,32.0
28.0,25.0,221.0,20.09,149.32,27.0,8.0,0.0,149.0,3.0,49.66,9.31,32.0
28.0,26.0,76.0,12.66,97.43,7.0,4.0,0.0,149.0,3.0,49.66,9.31,32.0
28.0,27.0,76.0,12.66,97.43,7.0,4.0,3.0,443.0,17.0,26.05,7.38,21.1
28.0,27.0,76.0,12.66,97.43,7.0,4.0,3.0,443.0,17.0,26.05,7.38,21.1
28.0,27.0,76.0,12.66,97.43,7.0,4.0,3.0,443.0,17.0,26.05,7.38,21.1
28.0,28.0,221.0,20.09,149.32,27.0,8.0,3.0,443.0,17.0,26.05,7.38,21.1
28.0,29.0,76.0,12.66,97.43,7.0,4.0,3.0,443.0,17.0,26.05,7.38,21.1
28.0,31.0,76.0,12.66,97.43,7.0,4.0,3.0,443.0,17.0,26.05,7.38,21.1
28.0,37.0,221.0,20.09,149.32,27.0,8.0,0.0,149.0,3.0,49.66,9.31,32.0
28.0,37.0,221.0,20.09,149.32,27.0,8.0,0.0,149.0,3.0,49.66,9.31,32.0
28.0,37.0,221.0,20.09,149.32,27.0,8.0,0.0,149.0,3.0,49.66,9.31,32.0
28.0,38.0,76.0,12.66,97.43,7.0,4.0,0.0,149.0,3.0,49.66,9.31,32.0
28.0,39.0,221.0,20.09,149.32,27.0,8.0,0.0,149.0,3.0,49.66,9.31,32.0
28.0,43.0,221.0,20.09,149.32,27.0,8.0,0.0,149.0,3.0,49.66,9.31,32.0
28.0,47.0,76.0,12.66,97.43,7.0,4.0,3.0,443.0,17.0,26.05,7.38,21.1
28.0,48.0,221.0,20.09,149.32,27.0,8.0,3.0,443.0,17.0,26.05,7.38,21.1
28.0,54.0,221.0,20.09,149.32,27.0,8.0,3.0,443.0,17.0,26.05,7.38,21.1
28.0,55.0,76.0,12.66,97.43,7.0,4.0,3.0,443.0,17.0,26.05,7.38,21.1
28.0,56.0,76.0,12.66,97.43,7.0,4.0,3.0,443.0,17.0,26.05,7.38,21.1
28.0,56.0,76.0,12.66,97.43,7.0,4.0,3.0,443.0,17.0,26.05,7.38,21.1
28.0,56.0,221.0,20.09,149.32,27.0,8.0,3.0,443.0,17.0,26.05,7.38,21.1
28.0,57.0,221.0,20.09,149.32,27.0,8.0,3.0,443.0,17.0,26.05,7.38,21.1
10.0,0.0,10.0,5.0,66.66,0.0,1.0,2.0,357.0,12.0,29.75,6.61,27.0
10.0,0.0,10.0,5.0,66.66,0.0,1.0,2.0,357.0,12.0,29.75,6.61,27.0
10.0,0.0,10.0,5.0,66.66,0.0,1.0,2.0,357.0,12.0,29.75,6.61,27.0
10.0,0.0,10.0,5.0,66.66,0.0,1.0,2.0,357.0,12.0,29.75,6.61,27.0
10.0,1.0,10.0,5.0,66.66,0.0,1.0,2.0,357.0,12.0,29.75,6.61,27.0
10.0,1.0,10.0,5.0,66.66,0.0,1.0,2.0,357.0,12.0,29.75,6.61,27.0
10.0,1.0,10.0,5.0,66.66,0.0,1.0,2.0,357.0,12.0,29.75,6.61,27.0
10.0,7.0,435.0,31.07,179.01,43.0,25.0,0.0,91.0,1.0,91.0,11.37,48.0
10.0,8.0,10.0,5.0,66.66,0.0,1.0,0.0,91.0,1.0,91.0,11.37,48.0
10.0,8.0,10.0,5.0,66.66,0.0,1.0,0.0,91.0,1.0,91.0,11.37,48.0
10.0,8.0,10.0,5.0,66.66,0.0,1.0,0.0,91.0,1.0,91.0,11.37,48.0
10.0,9.0,435.0,31.07,179.01,43.0,25.0,0.0,91.0,1.0,91.0,11.37,48.0
10.0,13.0,435.0,31.07,179.01,43.0,25.0,0.0,91.0,1.0,91.0,11.37,48.0
10.0,17.0,10.0,5.0,66.66,0.0,1.0,2.0,357.0,12.0,29.75,6.61,27.0
10.0,17.0,10.0,5.0,66.66,0.0,1.0,2.0,357.0,12.0,29.75,6.61,27.0
10.0,17.0,10.0,5.0,66.66,0.0,1.0,2.0,357.0,12.0,29.75,6.61,27.0
10.0,17.0,472.0,47.2,151.76,46.0,19.0,2.0,357.0,12.0,29.75,6.61,27.0
10.0,17.0,472.0,47.2,151.76,46.0,19.0,2.0,357.0,12.0,29.75,6.61,27.0
10.0,17.0,472.0,47.2,151.76,46.0,19.0,2.0,357.0,12.0,29.75,6.61,27.0
10.0,17.0,435.0,31.07,179.01,43.0,25.0,0.0,91.0,1.0,91.0,11.37,48.0
10.0,18.0,472.0,47.2,151.76,46.0,19.0,0.0,91.0,1.0,91.0,11.37,48.0
10.0,22.0,472.0,47.2,151.76,46.0,19.0,0.0,91.0,1.0,91.0,11.37,48.0
10.0,26.0,472.0,47.2,151.76,46.0,19.0,0.0,91.0,1.0,91.0,11.37,48.0
10.0,27.0,435.0,31.07,179.01,43.0,25.0,0.0,91.0,1.0,91.0,11.37,48.0
10.0,27.0,472.0,47.2,151.76,46.0,19.0,0.0,91.0,1.0,91.0,11.37,48.0
10.0,31.0,176.0,16.0,102.92,14.0,6.0,2.0,357.0,12.0,29.75,6.61,27.0
10.0,31.0,176.0,16.0,102.92,14.0,6.0,2.0,357.0,12.0,29.75,6.61,27.0
10.0,31.0,176.0,16.0,102.92,14.0,6.0,2.0,357.0,12.0,29.75,6.61,27.0
10.0,32.0,472.0,47.2,151.76,46.0,19.0,2.0,357.0,12.0,29.75,6.61,27.0
10.0,36.0,472.0,47.2,151.76,46.0,19.0,2.0,357.0,12.0,29.75,6.61,27.0
10.0,36.0,472.0,47.2,151.76,46.0,19.0,2.0,357.0,12.0,29.75,6.61,27.0
10.0,37.0,472.0,47.2,151.76,46.0,19.0,0.0,249.0,15.0,16.6,6.91,14.4
10.0,37.0,472.0,47.2,151.76,46.0,19.0,0.0,249.0,15.0,16.6,6.91,14.4
10.0,38.0,176.0,16.0,102.92,14.0,6.0,0.0,249.0,15.0,16.6,6.91,14.4
10.0,38.0,176.0,16.0,102.92,14.0,6.0,0.0,249.0,15.0,16.6,6.91,14.4
10.0,39.0,472.0,47.2,151.76,46.0,19.0,0.0,249.0,15.0,16.6,6.91,14.4
10.0,40.0,176.0,16.0,102.92,14.0,6.0,0.0,249.0,15.0,16.6,6.91,14.4
10.0,0.0,534.0,41.07,140.89,68.0,8.0,1.0,420.0,14.0,30.0,7.63,23.5
10.0,0.0,534.0,41.07,140.89,68.0,8.0,1.0,420.0,14.0,30.0,7.63,23.5
10.0,0.0,534.0,41.07,140.89,68.0,8.0,1.0,420.0,14.0,30.0,7.63,23.5
10.0,0.0,534.0,41.07,140.89,68.0,8.0,1.0,420.0,14.0,30.0,7.63,23.5
10.0,0.0,534.0,41.07,140.89,68.0,8.0,1.0,420.0,14.0,30.0,7.63,23.5
10.0,4.0,534.0,41.07,140.89,68.0,8.0,1.0,420.0,14.0,30.0,7.63,23.5
10.0,8.0,406.0,33.83,184.54,46.0,21.0,0.0,383.0,17.0,22.52,7.07,19.1
10.0,12.0,406.0,33.83,184.54,46.0,21.0,0.0,383.0,17.0,22.52,7.07,19.1
10.0,16.0,406.0,33.83,184.54,46.0,21.0,0.0,383.0,17.0,22.52,7.07,19.1
10.0,20.0,406.0,33.83,184.54,46.0,21.0,0.0,383.0,17.0,22.52,7.07,19.1
10.0,20.0,340.0,37.77,115.25,35.0,8.0,0.0,383.0,17.0,22.52,7.07,19.1
10.0,20.0,340.0,37.77,115.25,35.0,8.0,0.0,383.0,17.0,22.52,7.07,19.1
10.0,21.0,340.0,37.77,115.25,35.0,8.0,0.0,383.0,17.0,22.52,7.07,19.1
10.0,21.0,534.0,41.07,140.89,68.0,8.0,1.0,420.0,14.0,30.0,7.63,23.5
10.0,21.0,534.0,41.07,140.89,68.0,8.0,1.0,420.0,14.0,30.0,7.63,23.5
10.0,25.0,534.0,41.07,140.89,68.0,8.0,1.0,420.0,14.0,30.0,7.63,23.5
10.0,25.0,534.0,41.07,140.89,68.0,8.0,1.0,420.0,14.0,30.0,7.63,23.5
10.0,26.0,340.0,37.77,115.25,35.0,8.0,1.0,420.0,14.0,30.0,7.63,23.5
10.0,26.0,340.0,37.77,115.25,35.0,8.0,1.0,420.0,14.0,30.0,7.63,23.5
10.0,26.0,534.0,41.07,140.89,68.0,8.0,0.0,383.0,17.0,22.52,7.07,19.1
10.0,27.0,340.0,37.77,115.25,35.0,8.0,0.0,383.0,17.0,22.52,7.07,19.1
10.0,27.0,340.0,37.77,115.25,35.0,8.0,0.0,383.0,17.0,22.52,7.07,19.1
10.0,31.0,340.0,37.77,115.25,35.0,8.0,0.0,383.0,17.0,22.52,7.07,19.1
10.0,32.0,534.0,41.07,140.89,68.0,8.0,0.0,383.0,17.0,22.52,7.07,19.1
10.0,36.0,534.0,41.07,140.89,68.0,8.0,0.0,383.0,17.0,22.52,7.07,19.1
10.0,36.0,340.0,37.77,115.25,35.0,8.0,1.0,420.0,14.0,30.0,7.63,23.5
10.0,36.0,340.0,37.77,115.25,35.0,8.0,1.0,420.0,14.0,30.0,7.63,23.5
10.0,37.0,534.0,41.07,140.89,68.0,8.0,1.0,420.0,14.0,30.0,7.63,23.5
10.0,43.0,534.0,41.07,140.89,68.0,8.0,1.0,420.0,14.0,30.0,7.63,23.5
10.0,47.0,534.0,41.07,140.89,68.0,8.0,1.0,420.0,14.0,30.0,7.63,23.5
10.0,47.0,534.0,41.07,140.89,68.0,8.0,1.0,420.0,14.0,30.0,7.63,23.5
10.0,48.0,534.0,41.07,140.89,68.0,8.0,0.0,399.0,13.0,30.69,8.31,22.1
10.0,48.0,534.0,41.07,140.89,68.0,8.0,0.0,399.0,13.0,30.69,8.31,22.1
10.0,49.0,534.0,41.07,140.89,68.0,8.0,0.0,399.0,13.0,30.69,8.31,22.1
10.0,50.0,340.0,37.77,115.25,35.0,8.0,0.0,399.0,13.0,30.69,8.31,22.1
10.0,50.0,340.0,37.77,115.25,35.0,8.0,0.0,399.0,13.0,30.69,8.31,22.1
10.0,54.0,340.0,37.77,115.25,35.0,8.0,0.0,399.0,13.0,30.69,8.31,22.1
10.0,55.0,534.0,41.07,140.89,68.0,8.0,0.0,399.0,13.0,30.69,8.31,22.1
41.0,0.0,34.0,8.5,106.25,6.0,1.0,1.0,366.0,11.0,33.27,8.19,24.3
41.0,0.0,34.0,8.5,106.25,6.0,1.0,1.0,366.0,11.0,33.27,8.19,24.3
41.0,4.0,34.0,8.5,106.25,6.0,1.0,1.0,366.0,11.0,33.27,8.19,24.3
41.0,4.0,34.0,8.5,106.25,6.0,1.0,1.0,366.0,11.0,33.27,8.19,24.3
41.0,4.0,34.0,8.5,106.25,6.0,1.0,1.0,366.0,11.0,33.27,8.19,24.3
41.0,8.0,34.0,8.5,106.25,6.0,1.0,1.0,366.0,11.0,33.27,8.19,24.3
41.0,8.0,514.0,42.83,166.34,57.0,31.0,0.0,357.0,13.0,27.46,8.5,19.3
41.0,9.0,34.0,8.5,106.25,6.0,1.0,0.0,357.0,13.0,27.46,8.5,19.3
41.0,9.0,34.0,8.5,106.25,6.0,1.0,0.0,357.0,13.0,27.46,8.5,19.3
41.0,9.0,34.0,8.5,106.25,6.0,1.0,0.0,357.0,13.0,27.46,8.5,19.3
41.0,9.0,34.0,8.5,106.25,6.0,1.0,0.0,357.0,13.0,27.46,8.5,19.3
41.0,9.0,39.0,19.5,73.58,2.0,2.0,0.0,357.0,13.0,27.46,8.5,19.3
41.0,13.0,514.0,42.83,166.34,57.0,31.0,1.0,366.0,11.0,33.27,8.19,24.3
41.0,13.0,514.0,42.83,166.34,57.0,31.0,1.0,366.0,11.0,33.27,8.19,24.3
41.0,17.0,514.0,42.83,166.34,57.0,31.0,1.0,366.0,11.0,33.27,8.19,24.3
41.0,17.0,514.0,42.83,166.34,57.0,31.0,1.0,366.0,11.0,33.27,8.19,24.3
41.0,18.0,39.0,19.5,73.58,2.0,2.0,1.0,366.0,11.0,33.27,8.19,24.3
41.0,18.0,39.0,19.5,73.58,2.0,2.0,1.0,366.0,11.0,33.27,8.19,24.3
41.0,19.0,39.0,19.5,73.58,2.0,2.0,1.0,366.0,11.0,33.27,8.19,24.3
41.0,19.0,514.0,42.83,166.34,57.0,31.0,0.0,357.0,13.0,27.46,8.5,19.3
41.0,19.0,514.0,42.83,166.34,57.0,31.0,0.0,357.0,13.0,27.46,8.5,19.3
41.0,20.0,39.0,19.5,73.58,2.0,2.0,0.0,357.0,13.0,27.46,8.5,19.3
41.0,20.0,39.0,19.5,73.58,2.0,2.0,0.0,357.0,13.0,27.46,8.5,19.3
41.0,20.0,320.0,35.55,114.69,34.0,9.0,0.0,357.0,13.0,27.46,8.5,19.3
41.0,22.0,320.0,35.55,114.69,34.0,9.0,0.0,357.0,13.0,27.46,8.5,19.3
41.0,22.0,514.0,42.83,166.34,57.0,31.0,0.0,311.0,4.0,77.75,9.05,51.5
41.0,23.0,514.0,42.83,166.34,57.0,31.0,0.0,311.0,4.0,77.75,9.05,51.5
41.0,27.0,514.0,42.83,166.34,57.0,31.0,0.0,311.0,4.0,77.75,9.05,51.5
41.0,31.0,514.0,42.83,166.34,57.0,31.0,0.0,311.0,4.0,77.75,9.05,51.5
41.0,31.0,514.0,42.83,166.34,57.0,31.0,0.0,311.0,4.0,77.75,9.05,51.5
41.0,35.0,514.0,42.83,166.34,57.0,31.0,0.0,311.0,4.0,77.75,9.05,51.5
41.0,35.0,514.0,42.83,166.34,57.0,31.0,0.0,311.0,4.0,77.75,9.05,51.5
41.0,41.0,320.0,35.55,114.69,34.0,9.0,0.0,357.0,13.0,27.46,8.5,19.3
41.0,42.0,514.0,42.83,166.34,57.0,31.0,0.0,357.0,13.0,27.46,8.5,19.3
41.0,46.0,514.0,42.83,166.34,57.0,31.0,0.0,357.0,13.0,27.46,8.5,19.3
41.0,46.0,514.0,42.83,166.34,57.0,31.0,0.0,357.0,13.0,27.46,8.5,19.3
41.0,46.0,320.0,35.55,114.69,34.0,9.0,0.0,357.0,13.0,27.46,8.5,19.3
41.0,47.0,34.0,8.5,97.14,4.0,0.0,0.0,357.0,13.0,27.46,8.5,19.3
41.0,0.0,25.0,8.33,80.64,4.0,0.0,0.0,348.0,12.0,29.0,7.76,22.4
41.0,0.0,25.0,8.33,80.64,4.0,0.0,0.0,348.0,12.0,29.0,7.76,22.4
41.0,1.0,371.0,28.53,124.49,35.0,11.0,0.0,348.0,12.0,29.0,7.76,22.4
41.0,1.0,371.0,28.53,124.49,35.0,11.0,0.0,348.0,12.0,29.0,7.76,22.4
41.0,2.0,25.0,8.33,80.64,4.0,0.0,0.0,348.0,12.0,29.0,7.76,22.4
41.0,6.0,25.0,8.33,80.64,4.0,0.0,0.0,348.0,12.0,29.0,7.76,22.4
41.0,10.0,371.0,28.53,124.49,35.0,11.0,1.0,301.0,11.0,27.36,6.54,25.0
41.0,10.0,371.0,28.53,124.49,35.0,11.0,1.0,301.0,11.0,27.36,6.54,25.0
41.0,10.0,371.0,28.53,124.49,35.0,11.0,1.0,301.0,11.0,27.36,6.54,25.0
41.0,10.0,371.0,28.53,124.49,35.0,11.0,1.0,301.0,11.0,27.36,6.54,25.0
41.0,10.0,371.0,28.53,124.49,35.0,11.0,1.0,301.0,11.0,27.36,6.54,25.0
41.0,10.0,371.0,28.53,124.49,35.0,11.0,1.0,301.0,11.0,27.36,6.54,25.0
41.0,11.0,371.0,28.53,124.49,35.0,11.0,0.0,348.0,12.0,29.0,7.76,22.4
41.0,11.0,371.0,28.53,124.49,35.0,11.0,0.0,348.0,12.0,29.0,7.76,22.4
41.0,15.0,371.0,28.53,124.49,35.0,11.0,0.0,348.0,12.0,29.0,7.76,22.4
41.0,16.0,25.0,8.33,80.64,4.0,0.0,0.0,348.0,12.0,29.0,7.76,22.4
41.0,17.0,371.0,28.53,124.49,35.0,11.0,0.0,348.0,12.0,29.0,7.76,22.4
41.0,21.0,371.0,28.53,124.49,35.0,11.0,0.0,348.0,12.0,29.0,7.76,22.4
41.0,22.0,371.0,28.53,124.49,35.0,11.0,1.0,301.0,11.0,27.36,6.54,25.0
41.0,22.0,371.0,28.53,124.49,35.0,11.0,1.0,301.0,11.0,27.36,6.54,25.0
41.0,23.0,25.0,8.33,80.64,4.0,0.0,1.0,301.0,11.0,27.36,6.54,25.0
41.0,24.0,371.0,28.53,124.49,35.0,11.0,1.0,301.0,11.0,27.36,6.54,25.0
41.0,25.0,25.0,8.33,80.64,4.0,0.0,1.0,301.0,11.0,27.36,6.54,25.0
41.0,26.0,371.0,28.53,124.49,35.0,11.0,1.0,301.0,11.0,27.36,6.54,25.0
41.0,27.0,371.0,28.53,124.49,35.0,11.0,0.0,236.0,11.0,21.45,8.0,16.0
41.0,31.0,371.0,28.53,124.49,35.0,11.0,0.0,236.0,11.0,21.45,8.0,16.0
41.0,32.0,25.0,8.33,80.64,4.0,0.0,0.0,236.0,11.0,21.45,8.0,16.0
41.0,36.0,25.0,8.33,80.64,4.0,0.0,0.0,236.0,11.0,21.45,8.0,16.0
41.0,36.0,25.0,8.33,80.64,4.0,0.0,0.0,236.0,11.0,21.45,8.0,16.0
41.0,37.0,25.0,8.33,80.64,4.0,0.0,0.0,236.0,11.0,21.45,8.0,16.0
41.0,37.0,25.0,8.33,80.64,4.0,0.0,0.0,236.0,11.0,21.45,8.0,16.0
41.0,37.0,149.0,37.25,183.95,13.0,10.0,1.0,301.0,11.0,27.36,6.54,25.0
41.0,38.0,371.0,28.53,124.49,35.0,11.0,1.0,301.0,11.0,27.36,6.54,25.0
41.0,38.0,371.0,28.53,124.49,35.0,11.0,1.0,301.0,11.0,27.36,6.54,25.0
41.0,38.0,371.0,28.53,124.49,35.0,11.0,1.0,301.0,11.0,27.36,6.54,25.0
41.0,39.0,149.0,37.25,183.95,13.0,10.0,1.0,301.0,11.0,27.36,6.54,25.0
41.0,40.0,371.0,28.53,124.49,35.0,11.0,1.0,301.0,11.0,27.36,6.54,25.0
9.0,0.0,436.0,33.53,137.1,51.0,19.0,0.0,260.0,9.0,28.88,6.66,26.0
9.0,1.0,288.0,36.0,137.14,22.0,15.0,0.0,260.0,9.0,28.88,6.66,26.0
9.0,2.0,288.0,36.0,137.14,22.0,15.0,0.0,260.0,9.0,28.88,6.66,26.0
9.0,4.0,288.0,36.0,137.14,22.0,15.0,0.0,260.0,9.0,28.88,6.66,26.0
9.0,4.0,288.0,36.0,137.14,22.0,15.0,0.0,260.0,9.0,28.88,6.66,26.0
9.0,4.0,288.0,36.0,137.14,22.0,15.0,0.0,260.0,9.0,28.88,6.66,26.0
9.0,4.0,288.0,36.0,137.14,22.0,15.0,0.0,260.0,9.0,28.88,6.66,26.0
9.0,9.0,288.0,36.0,137.14,22.0,15.0,1.0,329.0,7.0,47.0,7.8,36.1
9.0,10.0,436.0,33.53,137.1,51.0,19.0,1.0,329.0,7.0,47.0,7.8,36.1
9.0,11.0,288.0,36.0,137.14,22.0,15.0,1.0,329.0,7.0,47.0,7.8,36.1
9.0,11.0,288.0,36.0,137.14,22.0,15.0,1.0,329.0,7.0,47.0,7.8,36.1
9.0,12.0,436.0,33.53,137.1,51.0,19.0,1.0,329.0,7.0,47.0,7.8,36.1
9.0,13.0,436.0,33.53,137.1,51.0,19.0,1.0,329.0,7.0,47.0,7.8,36.1
9.0,13.0,436.0,33.53,137.1,51.0,19.0,1.0,329.0,7.0,47.0,7.8,36.1
9.0,14.0,436.0,33.53,137.1,51.0,19.0,1.0,329.0,7.0,47.0,7.8,36.1
9.0,14.0,288.0,36.0,137.14,22.0,15.0,0.0,260.0,9.0,28.88,6.66,26.0
9.0,15.0,436.0,33.53,137.1,51.0,19.0,0.0,260.0,9.0,28.88,6.66,26.0
9.0,15.0,436.0,33.53,137.1,51.0,19.0,0.0,260.0,9.0,28.88,6.66,26.0
9.0,15.0,436.0,33.53,137.1,51.0,19.0,0.0,260.0,9.0,28.88,6.66,26.0
9.0,16.0,288.0,36.0,137.14,22.0,15.0,0.0,260.0,9.0,28.88,6.66,26.0
9.0,20.0,288.0,36.0,137.14,22.0,15.0,0.0,260.0,9.0,28.88,6.66,26.0
9.0,21.0,288.0,36.0,137.14,22.0,15.0,1.0,329.0,7.0,47.0,7.8,36.1
9.0,21.0,288.0,36.0,137.14,22.0,15.0,1.0,329.0,7.0,47.0,7.8,36.1
9.0,21.0,155.0,31.0,117.42,22.0,1.0,1.0,329.0,7.0,47.0,7.8,36.1
9.0,21.0,155.0,31.0,117.42,22.0,1.0,1.0,329.0,7.0,47.0,7.8,36.1
9.0,21.0,155.0,31.0,117.42,22.0,1.0,1.0,329.0,7.0,47.0,7.8,36.1
9.0,21.0,155.0,31.0,117.42,22.0,1.0,1.0,329.0,7.0,47.0,7.8,36.1
9.0,21.0,436.0,33.53,137.1,51.0,19.0,0.0,260.0,9.0,28.88,6.66,26.0
9.0,22.0,155.0,31.0,117.42,22.0,1.0,0.0,260.0,9.0,28.88,6.66,26.0
9.0,22.0,155.0,31.0,117.42,22.0,1.0,0.0,260.0,9.0,28.88,6.66,26.0
9.0,22.0,436.0,33.53,137.1,51.0,19.0,0.0,260.0,9.0,28.88,6.66,26.0
9.0,23.0,161.0,80.5,153.33,15.0,9.0,0.0,260.0,9.0,28.88,6.66,26.0
9.0,23.0,161.0,80.5,153.33,15.0,9.0,0.0,260.0,9.0,28.88,6.66,26.0
9.0,23.0,436.0,33.53,137.1,51.0,19.0,0.0,207.0,8.0,25.87,7.96,19.5
9.0,29.0,436.0,33.53,137.1,51.0,19.0,0.0,207.0,8.0,25.87,7.96,19.5
9.0,29.0,436.0,33.53,137.1,51.0,19.0,0.0,207.0,8.0,25.87,7.96,19.5
9.0,35.0,436.0,33.53,137.1,51.0,19.0,0.0,207.0,8.0,25.87,7.96,19.5
9.0,39.0,436.0,33.53,137.1,51.0,19.0,0.0,207.0,8.0,25.87,7.96,19.5
9.0,39.0,436.0,33.53,137.1,51.0,19.0,0.0,207.0,8.0,25.87,7.96,19.5
9.0,0.0,159.0,31.8,133.61,12.0,7.0,0.0,145.0,5.0,29.0,8.52,20.4
9.0,1.0,188.0,62.66,204.34,13.0,15.0,0.0,145.0,5.0,29.0,8.52,20.4
9.0,5.0,188.0,62.66,204.34,13.0,15.0,0.0,145.0,5.0,29.0,8.52,20.4
9.0,5.0,188.0,62.66,204.34,13.0,15.0,0.0,145.0,5.0,29.0,8.52,20.4
9.0,6.0,159.0,31.8,133.61,12.0,7.0,0.0,145.0,5.0,29.0,8.52,20.4
9.0,6.0,159.0,31.8,133.61,12.0,7.0,0.0,145.0,5.0,29.0,8.52,20.4
9.0,6.0,188.0,62.66,204.34,13.0,15.0,1.0,442.0,15.0,29.46,8.61,20.5
9.0,6.0,188.0,62.66,204.34,13.0,15.0,1.0,442.0,15.0,29.46,8.61,20.5
9.0,6.0,159.0,31.8,133.61,12.0,7.0,1.0,442.0,15.0,29.46,8.61,20.5
9.0,6.0,159.0,31.8,133.61,12.0,7.0,1.0,442.0,15.0,29.46,8.61,20.5
9.0,8.0,159.0,31.8,133.61,12.0,7.0,1.0,442.0,15.0,29.46,8.61,20.5
9.0,12.0,159.0,31.8,133.61,12.0,7.0,1.0,442.0,15.0,29.46,8.61,20.5
9.0,16.0,39.0,9.75,73.58,2.0,1.0,0.0,145.0,5.0,29.0,8.52,20.4
9.0,16.0,349.0,29.08,113.68,33.0,15.0,0.0,145.0,5.0,29.0,8.52,20.4
9.0,16.0,349.0,29.08,113.68,33.0,15.0,0.0,145.0,5.0,29.0,8.52,20.4
9.0,17.0,159.0,31.8,133.61,12.0,7.0,0.0,145.0,5.0,29.0,8.52,20.4
9.0,17.0,159.0,31.8,133.61,12.0,7.0,0.0,145.0,5.0,29.0,8.52,20.4
9.0,17.0,159.0,31.8,133.61,12.0,7.0,0.0,145.0,5.0,29.0,8.52,20.4
9.0,18.0,159.0,31.8,133.61,12.0,7.0,1.0,442.0,15.0,29.46,8.61,20.5
9.0,18.0,159.0,31.8,133.61,12.0,7.0,1.0,442.0,15.0,29.46,8.61,20.5
9.0,18.0,159.0,31.8,133.61,12.0,7.0,1.0,442.0,15.0,29.46,8.61,20.5
9.0,19.0,349.0,29.08,113.68,33.0,15.0,1.0,442.0,15.0,29.46,8.61,20.5
9.0,20.0,159.0,31.8,133.61,12.0,7.0,1.0,442.0,15.0,29.46,8.61,20.5
9.0,20.0,159.0,31.8,133.61,12.0,7.0,1.0,442.0,15.0,29.46,8.61,20.5
9.0,21.0,159.0,31.8,133.61,12.0,7.0,0.0,145.0,5.0,29.0,8.52,20.4
9.0,21.0,159.0,31.8,133.61,12.0,7.0,0.0,145.0,5.0,29.0,8.52,20.4
9.0,21.0,319.0,29.0,123.16,19.0,17.0,0.0,145.0,5.0,29.0,8.52,20.4
9.0,21.0,319.0,29.0,123.16,19.0,17.0,0.0,145.0,5.0,29.0,8.52,20.4
9.0,22.0,349.0,29.08,113.68,33.0,15.0,0.0,145.0,5.0,29.0,8.52,20.4
9.0,22.0,349.0,29.08,113.68,33.0,15.0,0.0,145.0,5.0,29.0,8.52,20.4
9.0,23.0,349.0,29.08,113.68,33.0,15.0,0.0,199.0,3.0,66.33,7.37,54.0
9.0,24.0,319.0,29.0,123.16,19.0,17.0,0.0,199.0,3.0,66.33,7.37,54.0
9.0,24.0,319.0,29.0,123.16,19.0,17.0,0.0,199.0,3.0,66.33,7.37,54.0
9.0,24.0,319.0,29.0,123.16,19.0,17.0,0.0,199.0,3.0,66.33,7.37,54.0
9.0,24.0,319.0,29.0,123.16,19.0,17.0,0.0,199.0,3.0,66.33,7.37,54.0
9.0,25.0,349.0,29.08,113.68,33.0,15.0,0.0,199.0,3.0,66.33,7.37,54.0
33.0,0.0,76.0,12.66,97.43,7.0,4.0,1.0,420.0,14.0,30.0,7.63,23.5
33.0,0.0,76.0,12.66,97.43,7.0,4.0,1.0,420.0,14.0,30.0,7.63,23.5
33.0,0.0,76.0,12.66,97.43,7.0,4.0,1.0,420.0,14.0,30.0,7.63,23.5
33.0,0.0,76.0,12.66,97.43,7.0,4.0,1.0,420.0,14.0,30.0,7.63,23.5
33.0,0.0,76.0,12.66,97.43,7.0,4.0,1.0,420.0,14.0,30.0,7.63,23.5
33.0,1.0,221.0,20.09,149.32,27.0,8.0,1.0,420.0,14.0,30.0,7.63,23.5
33.0,1.0,76.0,12.66,97.43,7.0,4.0,0.0,383.0,17.0,22.52,7.07,19.1
33.0,5.0,76.0,12.66,97.43,7.0,4.0,0.0,383.0,17.0,22.52,7.07,19.1
33.0,5.0,76.0,12.66,97.43,7.0,4.0,0.0,383.0,17.0,22.52,7.07,19.1
33.0,5.0,76.0,12.66,97.43,7.0,4.0,0.0,383.0,17.0,22.52,7.07,19.1
33.0,5.0,76.0,12.66,97.43,7.0,4.0,0.0,383.0,17.0,22.52,7.07,19.1
33.0,6.0,221.0,20.09,149.32,27.0,8.0,0.0,383.0,17.0,22.52,7.07,19.1
33.0,6.0,76.0,12.66,97.43,7.0,4.0,1.0,420.0,14.0,30.0,7.63,23.5
33.0,10.0,76.0,12.66,97.43,7.0,4.0,1.0,420.0,14.0,30.0,7.63,23.5
33.0,10.0,76.0,12.66,97.43,7.0,4.0,1.0,420.0,14.0,30.0,7.63,23.5
33.0,10.0,76.0,12.66,97.43,7.0,4.0,1.0,420.0,14.0,30.0,7.63,23.5
33.0,16.0,76.0,12.66,97.43,7.0,4.0,1.0,420.0,14.0,30.0,7.63,23.5
33.0,16.0,76.0,12.66,97.43,7.0,4.0,1.0,420.0,14.0,30.0,7.63,23.5
33.0,16.0,221.0,20.09,149.32,27.0,8.0,0.0,383.0,17.0,22.52,7.07,19.1
33.0,20.0,221.0,20.09,149.32,27.0,8.0,0.0,383.0,17.0,22.52,7.07,19.1
33.0,20.0,221.0,20.09,149.32,27.0,8.0,0.0,383.0,17.0,22.52,7.07,19.1
33.0,20.0,221.0,20.09,149.32,27.0,8.0,0.0,383.0,17.0,22.52,7.07,19.1
33.0,20.0,221.0,20.09,149.32,27.0,8.0,0.0,383.0,17.0,22.52,7.07,19.1
33.0,24.0,221.0,20.09,149.32,27.0,8.0,0.0,383.0,17.0,22.52,7.07,19.1
33.0,24.0,76.0,12.66,97.43,7.0,4.0,1.0,420.0,14.0,30.0,7.63,23.5
33.0,24.0,76.0,12.66,97.43,7.0,4.0,1.0,420.0,14.0,30.0,7.63,23.5
33.0,24.0,76.0,12.66,97.43,7.0,4.0,1.0,420.0,14.0,30.0,7.63,23.5
33.0,28.0,76.0,12.66,97.43,7.0,4.0,1.0,420.0,14.0,30.0,7.63,23.5
33.0,34.0,76.0,12.66,97.43,7.0,4.0,1.0,420.0,14.0,30.0,7.63,23.5
33.0,34.0,320.0,35.55,161.61,41.0,8.0,1.0,420.0,14.0,30.0,7.63,23.5
33.0,38.0,221.0,20.09,149.32,27.0,8.0,0.0,399.0,13.0,30.69,8.31,22.1
33.0,39.0,320.0,35.55,161.61,41.0,8.0,0.0,399.0,13.0,30.69,8.31,22.1
33.0,45.0,320.0,35.55,161.61,41.0,8.0,0.0,399.0,13.0,30.69,8.31,22.1
33.0,49.0,320.0,35.55,161.61,41.0,8.0,0.0,399.0,13.0,30.69,8.31,22.1
33.0,53.0,320.0,35.55,161.61,41.0,8.0,0.0,399.0,13.0,30.69,8.31,22.1
33.0,53.0,320.0,35.55,161.61,41.0,8.0,0.0,399.0,13.0,30.69,8.31,22.1
33.0,0.0,176.0,16.0,102.92,14.0,6.0,0.0,112.0,4.0,28.0,7.0,24.0
33.0,0.0,176.0,16.0,102.92,14.0,6.0,0.0,112.0,4.0,28.0,7.0,24.0
33.0,1.0,176.0,16.0,102.92,14.0,6.0,0.0,112.0,4.0,28.0,7.0,24.0
33.0,1.0,176.0,16.0,102.92,14.0,6.0,0.0,112.0,4.0,28.0,7.0,24.0
33.0,1.0,176.0,16.0,102.92,14.0,6.0,0.0,112.0,4.0,28.0,7.0,24.0
33.0,1.0,176.0,16.0,102.92,14.0,6.0,0.0,112.0,4.0,28.0,7.0,24.0
33.0,5.0,176.0,16.0,102.92,14.0,6.0,0.0,112.0,4.0,28.0,7.0,24.0
33.0,6.0,176.0,16.0,102.92,14.0,6.0,0.0,442.0,19.0,23.26,8.63,16.1
33.0,6.0,435.0,31.07,179.01,43.0,25.0,0.0,442.0,19.0,23.26,8.63,16.1
33.0,7.0,435.0,31.07,179.01,43.0,25.0,0.0,442.0,19.0,23.26,8.63,16.1
33.0,7.0,435.0,31.07,179.01,43.0,25.0,0.0,442.0,19.0,23.26,8.63,16.1
33.0,8.0,128.0,25.6,164.1,13.0,8.0,0.0,442.0,19.0,23.26,8.63,16.1
33.0,8.0,128.0,25.6,164.1,13.0,8.0,0.0,442.0,19.0,23.26,8.63,16.1
33.0,8.0,128.0,25.6,164.1,13.0,8.0,0.0,442.0,19.0,23.26,8.63,16.1
33.0,13.0,128.0,25.6,164.1,13.0,8.0,0.0,442.0,19.0,23.26,8.63,16.1
33.0,13.0,435.0,31.07,179.01,43.0,25.0,0.0,112.0,4.0,28.0,7.0,24.0
33.0,15.0,435.0,31.07,179.01,43.0,25.0,0.0,112.0,4.0,28.0,7.0,24.0
33.0,19.0,435.0,31.07,179.01,43.0,25.0,0.0,112.0,4.0,28.0,7.0,24.0
33.0,19.0,128.0,25.6,164.1,13.0,8.0,0.0,112.0,4.0,28.0,7.0,24.0
33.0,20.0,472.0,47.2,151.76,46.0,19.0,0.0,112.0,4.0,28.0,7.0,24.0
33.0,22.0,128.0,25.6,164.1,13.0,8.0,0.0,112.0,4.0,28.0,7.0,24.0
33.0,22.0,128.0,25.6,164.1,13.0,8.0,0.0,112.0,4.0,28.0,7.0,24.0
33.0,28.0,472.0,47.2,151.76,46.0,19.0,0.0,442.0,19.0,23.26,8.63,16.1
33.0,29.0,472.0,47.2,151.76,46.0,19.0,0.0,442.0,19.0,23.26,8.63,16.1
33.0,29.0,472.0,47.2,151.76,46.0,19.0,0.0,442.0,19.0,23.26,8.63,16.1
33.0,29.0,472.0,47.2,151.76,46.0,19.0,0.0,442.0,19.0,23.26,8.63,16.1
33.0,31.0,472.0,47.2,151.76,46.0,19.0,0.0,442.0,19.0,23.26,8.63,16.1
33.0,32.0,472.0,47.2,151.76,46.0,19.0,0.0,442.0,19.0,23.26,8.63,16.1
33.0,38.0,472.0,47.2,151.76,46.0,19.0,0.0,442.0,19.0,23.26,8.63,16.1
33.0,38.0,472.0,47.2,151.76,46.0,19.0,0.0,442.0,19.0,23.26,8.63,16.1
33.0,42.0,128.0,25.6,164.1,13.0,8.0,0.0,276.0,7.0,39.42,9.85,24.0
33.0,43.0,472.0,47.2,151.76,46.0,19.0,0.0,276.0,7.0,39.42,9.85,24.0
33.0,43.0,472.0,47.2,151.76,46.0,19.0,0.0,276.0,7.0,39.42,9.85,24.0
33.0,44.0,128.0,25.6,164.1,13.0,8.0,0.0,276.0,7.0,39.42,9.85,24.0
33.0,48.0,128.0,25.6,164.1,13.0,8.0,0.0,276.0,7.0,39.42,9.85,24.0
33.0,48.0,472.0,47.2,151.76,46.0,19.0,0.0,276.0,7.0,39.42,9.85,24.0
33.0,48.0,18.0,9.0,100.0,3.0,0.0,0.0,112.0,4.0,28.0,7.0,24.0
33.0,52.0,18.0,9.0,100.0,3.0,0.0,0.0,112.0,4.0,28.0,7.0,24.0
33.0,52.0,18.0,9.0,100.0,3.0,0.0,0.0,112.0,4.0,28.0,7.0,24.0
33.0,53.0,472.0,47.2,151.76,46.0,19.0,0.0,112.0,4.0,28.0,7.0,24.0
33.0,53.0,472.0,47.2,151.76,46.0,19.0,0.0,112.0,4.0,28.0,7.0,24.0
33.0,53.0,472.0,47.2,151.76,46.0,19.0,0.0,112.0,4.0,28.0,7.0,24.0
30.0,0.0,436.0,33.53,137.1,51.0,19.0,2.0,357.0,12.0,29.75,6.61,27.0
30.0,0.0,436.0,33.53,137.1,51.0,19.0,2.0,357.0,12.0,29.75,6.61,27.0
30.0,0.0,436.0,33.53,137.1,51.0,19.0,2.0,357.0,12.0,29.75,6.61,27.0
30.0,1.0,288.0,36.0,137.14,22.0,15.0,2.0,357.0,12.0,29.75,6.61,27.0
30.0,1.0,288.0,36.0,137.14,22.0,15.0,2.0,357.0,12.0,29.75,6.61,27.0
30.0,1.0,288.0,36.0,137.14,22.0,15.0,2.0,357.0,12.0,29.75,6.61,27.0
30.0,1.0,436.0,33.53,137.1,51.0,19.0,0.0,296.0,8.0,37.0,9.25,24.0
30.0,1.0,436.0,33.53,137.1,51.0,19.0,0.0,296.0,8.0,37.0,9.25,24.0
30.0,1.0,436.0,33.53,137.1,51.0,19.0,0.0,296.0,8.0,37.0,9.25,24.0
30.0,7.0,436.0,33.53,137.1,51.0,19.0,0.0,296.0,8.0,37.0,9.25,24.0
30.0,7.0,436.0,33.53,137.1,51.0,19.0,0.0,296.0,8.0,37.0,9.25,24.0
30.0,9.0,436.0,33.53,137.1,51.0,19.0,0.0,296.0,8.0,37.0,9.25,24.0
30.0,9.0,288.0,36.0,137.14,22.0,15.0,2.0,357.0,12.0,29.75,6.61,27.0
30.0,9.0,288.0,36.0,137.14,22.0,15.0,2.0,357.0,12.0,29.75,6.61,27.0
30.0,11.0,288.0,36.0,137.14,22.0,15.0,2.0,357.0,12.0,29.75,6.61,27.0
30.0,11.0,288.0,36.0,137.14,22.0,15.0,2.0,357.0,12.0,29.75,6.61,27.0
30.0,11.0,288.0,36.0,137.14,22.0,15.0,2.0,357.0,12.0,29.75,6.61,27.0
30.0,11.0,288.0,36.0,137.14,22.0,15.0,2.0,357.0,12.0,29.75,6.61,27.0
30.0,15.0,155.0,31.0,117.42,22.0,1.0,0.0,296.0,8.0,37.0,9.25,24.0
30.0,15.0,155.0,31.0,117.42,22.0,1.0,0.0,296.0,8.0,37.0,9.25,24.0
30.0,15.0,155.0,31.0,117.42,22.0,1.0,0.0,296.0,8.0,37.0,9.25,24.0
30.0,15.0,155.0,31.0,117.42,22.0,1.0,0.0,296.0,8.0,37.0,9.25,24.0
30.0,16.0,288.0,36.0,137.14,22.0,15.0,0.0,296.0,8.0,37.0,9.25,24.0
30.0,16.0,288.0,36.0,137.14,22.0,15.0,0.0,296.0,8.0,37.0,9.25,24.0
30.0,16.0,155.0,31.0,117.42,22.0,1.0,2.0,357.0,12.0,29.75,6.61,27.0
30.0,17.0,288.0,36.0,137.14,22.0,15.0,2.0,357.0,12.0,29.75,6.61,27.0
30.0,19.0,288.0,36.0,137.14,22.0,15.0,2.0,357.0,12.0,29.75,6.61,27.0
30.0,23.0,288.0,36.0,137.14,22.0,15.0,2.0,357.0,12.0,29.75,6.61,27.0
30.0,23.0,288.0,36.0,137.14,22.0,15.0,2.0,357.0,12.0,29.75,6.61,27.0
30.0,23.0,288.0,36.0,137.14,22.0,15.0,2.0,357.0,12.0,29.75,6.61,27.0
30.0,23.0,155.0,31.0,117.42,22.0,1.0,0.0,296.0,8.0,37.0,9.25,24.0
30.0,23.0,161.0,80.5,153.33,15.0,9.0,0.0,296.0,8.0,37.0,9.25,24.0
30.0,23.0,161.0,80.5,153.33,15.0,9.0,0.0,296.0,8.0,37.0,9.25,24.0
30.0,23.0,161.0,80.5,153.33,15.0,9.0,0.0,296.0,8.0,37.0,9.25,24.0
30.0,23.0,161.0,80.5,153.33,15.0,9.0,0.0,296.0,8.0,37.0,9.25,24.0
30.0,25.0,161.0,80.5,153.33,15.0,9.0,0.0,296.0,8.0,37.0,9.25,24.0
30.0,0.0,534.0,41.07,140.89,68.0,8.0,0.0,145.0,5.0,29.0,8.52,20.4
30.0,1.0,406.0,33.83,184.54,46.0,21.0,0.0,145.0,5.0,29.0,8.52,20.4
30.0,2.0,534.0,41.07,140.89,68.0,8.0,0.0,145.0,5.0,29.0,8.52,20.4
30.0,3.0,406.0,33.83,184.54,46.0,21.0,0.0,145.0,5.0,29.0,8.52,20.4
30.0,3.0,406.0,33.83,184.54,46.0,21.0,0.0,145.0,5.0,29.0,8.52,20.4
30.0,4.0,534.0,41.07,140.89,68.0,8.0,0.0,145.0,5.0,29.0,8.52,20.4
30.0,4.0,406.0,33.83,184.54,46.0,21.0,1.0,442.0,15.0,29.46,8.61,20.5
30.0,8.0,406.0,33.83,184.54,46.0,21.0,1.0,442.0,15.0,29.46,8.61,20.5
30.0,12.0,406.0,33.83,184.54,46.0,21.0,1.0,442.0,15.0,29.46,8.61,20.5
30.0,13.0,534.0,41.07,140.89,68.0,8.0,1.0,442.0,15.0,29.46,8.61,20.5
30.0,17.0,534.0,41.07,140.89,68.0,8.0,1.0,442.0,15.0,29.46,8.61,20.5
30.0,18.0,406.0,33.83,184.54,46.0,21.0,1.0,442.0,15.0,29.46,8.61,20.5
30.0,18.0,534.0,41.07,140.89,68.0,8.0,0.0,145.0,5.0,29.0,8.52,20.4
30.0,19.0,406.0,33.83,184.54,46.0,21.0,0.0,145.0,5.0,29.0,8.52,20.4
30.0,21.0,406.0,33.83,184.54,46.0,21.0,0.0,145.0,5.0,29.0,8.52,20.4
30.0,25.0,406.0,33.83,184.54,46.0,21.0,0.0,145.0,5.0,29.0,8.52,20.4
30.0,26.0,534.0,41.07,140.89,68.0,8.0,0.0,145.0,5.0,29.0,8.52,20.4
30.0,26.0,534.0,41.07,140.89,68.0,8.0,0.0,145.0,5.0,29.0,8.52,20.4
30.0,30.0,406.0,33.83,184.54,46.0,21.0,1.0,442.0,15.0,29.46,8.61,20.5
30.0,30.0,406.0,33.83,184.54,46.0,21.0,1.0,442.0,15.0,29.46,8.61,20.5
30.0,31.0,534.0,41.07,140.89,68.0,8.0,1.0,442.0,15.0,29.46,8.61,20.5
30.0,31.0,340.0,37.77,115.25,35.0,8.0,1.0,442.0,15.0,29.46,8.61,20.5
30.0,31.0,340.0,37.77,115.25,35.0,8.0,1.0,442.0,15.0,29.46,8.61,20.5
30.0,32.0,406.0,33.83,184.54,46.0,21.0,1.0,442.0,15.0,29.46,8.61,20.5
30.0,32.0,340.0,37.77,115.25,35.0,8.0,0.0,145.0,5.0,29.0,8.52,20.4
30.0,32.0,340.0,37.77,115.25,35.0,8.0,0.0,145.0,5.0,29.0,8.52,20.4
30.0,32.0,340.0,37.77,115.25,35.0,8.0,0.0,145.0,5.0,29.0,8.52,20.4
30.0,33.0,406.0,33.83,184.54,46.0,21.0,0.0,145.0,5.0,29.0,8.52,20.4
30.0,37.0,406.0,33.83,184.54,46.0,21.0,0.0,145.0,5.0,29.0,8.52,20.4
30.0,37.0,406.0,33.83,184.54,46.0,21.0,0.0,145.0,5.0,29.0,8.52,20.4
30.0,37.0,340.0,37.77,115.25,35.0,8.0,1.0,442.0,15.0,29.46,8.61,20.5
30.0,38.0,340.0,37.77,115.25,35.0,8.0,1.0,442.0,15.0,29.46,8.61,20.5
30.0,38.0,340.0,37.77,115.25,35.0,8.0,1.0,442.0,15.0,29.46,8.61,20.5
30.0,39.0,406.0,33.83,184.54,46.0,21.0,1.0,442.0,15.0,29.46,8.61,20.5
30.0,40.0,340.0,37.77,115.25,35.0,8.0,1.0,442.0,15.0,29.46,8.61,20.5
30.0,44.0,340.0,37.77,115.25,35.0,8.0,1.0,442.0,15.0,29.46,8.61,20.5
30.0,44.0,340.0,37.77,115.25,35.0,8.0,1.0,442.0,15.0,29.46,8.61,20.5
19.0,0.0,302.0,27.45,101.68,42.0,3.0,1.0,301.0,11.0,27.36,6.54,25.0
19.0,1.0,302.0,27.45,101.68,42.0,3.0,1.0,301.0,11.0,27.36,6.54,25.0
19.0,1.0,302.0,27.45,101.68,42.0,3.0,1.0,301.0,11.0,27.36,6.54,25.0
19.0,1.0,302.0,27.45,101.68,42.0,3.0,1.0,301.0,11.0,27.36,6.54,25.0
19.0,1.0,302.0,27.45,101.68,42.0,3.0,1.0,301.0,11.0,27.36,6.54,25.0
19.0,5.0,302.0,27.45,101.68,42.0,3.0,1.0,301.0,11.0,27.36,6.54,25.0
19.0,5.0,302.0,27.45,101.68,42.0,3.0,1.0,301.0,11.0,27.36,6.54,25.0
19.0,7.0,189.0,63.0,144.27,24.0,6.0,0.0,348.0,12.0,29.0,7.76,22.4
19.0,7.0,189.0,63.0,144.27,24.0,6.0,0.0,348.0,12.0,29.0,7.76,22.4
19.0,8.0,302.0,27.45,101.68,42.0,3.0,0.0,348.0,12.0,29.0,7.76,22.4
19.0,8.0,302.0,27.45,101.68,42.0,3.0,0.0,348.0,12.0,29.0,7.76,22.4
19.0,12.0,302.0,27.45,101.68,42.0,3.0,0.0,348.0,12.0,29.0,7.76,22.4
19.0,12.0,302.0,27.45,101.68,42.0,3.0,0.0,348.0,12.0,29.0,7.76,22.4
19.0,16.0,189.0,63.0,144.27,24.0,6.0,1.0,301.0,11.0,27.36,6.54,25.0
19.0,16.0,189.0,63.0,144.27,24.0,6.0,1.0,301.0,11.0,27.36,6.54,25.0
19.0,20.0,189.0,63.0,144.27,24.0,6.0,1.0,301.0,11.0,27.36,6.54,25.0
19.0,26.0,189.0,63.0,144.27,24.0,6.0,1.0,301.0,11.0,27.36,6.54,25.0
19.0,26.0,189.0,63.0,144.27,24.0,6.0,1.0,301.0,11.0,27.36,6.54,25.0
19.0,30.0,189.0,63.0,144.27,24.0,6.0,1.0,301.0,11.0,27.36,6.54,25.0
19.0,34.0,302.0,27.45,101.68,42.0,3.0,0.0,348.0,12.0,29.0,7.76,22.4
19.0,34.0,168.0,84.0,168.0,12.0,11.0,0.0,348.0,12.0,29.0,7.76,22.4
19.0,34.0,168.0,84.0,168.0,12.0,11.0,0.0,348.0,12.0,29.0,7.76,22.4
19.0,34.0,168.0,84.0,168.0,12.0,11.0,0.0,348.0,12.0,29.0,7.76,22.4
19.0,34.0,168.0,84.0,168.0,12.0,11.0,0.0,348.0,12.0,29.0,7.76,22.4
19.0,34.0,168.0,84.0,168.0,12.0,11.0,0.0,348.0,12.0,29.0,7.76,22.4
19.0,35.0,168.0,84.0,168.0,12.0,11.0,0.0,236.0,11.0,21.45,8.0,16.0
19.0,35.0,168.0,84.0,168.0,12.0,11.0,0.0,236.0,11.0,21.45,8.0,16.0
19.0,35.0,168.0,84.0,168.0,12.0,11.0,0.0,236.0,11.0,21.45,8.0,16.0
19.0,39.0,168.0,84.0,168.0,12.0,11.0,0.0,236.0,11.0,21.45,8.0,16.0
19.0,39.0,421.0,38.27,142.71,35.0,18.0,0.0,236.0,11.0,21.45,8.0,16.0
19.0,39.0,421.0,38.27,142.71,35.0,18.0,0.0,236.0,11.0,21.45,8.0,16.0
19.0,40.0,421.0,38.27,142.71,35.0,18.0,0.0,348.0,12.0,29.0,7.76,22.4
19.0,41.0,189.0,63.0,144.27,24.0,6.0,0.0,348.0,12.0,29.0,7.76,22.4
19.0,42.0,189.0,63.0,144.27,24.0,6.0,0.0,348.0,12.0,29.0,7.76,22.4
19.0,46.0,189.0,63.0,144.27,24.0,6.0,0.0,348.0,12.0,29.0,7.76,22.4
19.0,50.0,189.0,63.0,144.27,24.0,6.0,0.0,348.0,12.0,29.0,7.76,22.4
19.0,51.0,421.0,38.27,142.71,35.0,18.0,0.0,348.0,12.0,29.0,7.76,22.4
19.0,52.0,421.0,38.27,142.71,35.0,18.0,0.0,348.0,12.0,29.0,7.76,22.4
19.0,53.0,189.0,63.0,144.27,24.0,6.0,0.0,348.0,12.0,29.0,7.76,22.4
19.0,0.0,34.0,8.5,106.25,6.0,1.0,0.0,149.0,3.0,49.66,9.31,32.0
19.0,0.0,34.0,8.5,106.25,6.0,1.0,0.0,149.0,3.0,49.66,9.31,32.0
19.0,1.0,34.0,8.5,106.25,6.0,1.0,0.0,149.0,3.0,49.66,9.31,32.0
19.0,2.0,514.0,42.83,166.34,57.0,31.0,0.0,149.0,3.0,49.66,9.31,32.0
19.0,6.0,514.0,42.83,166.34,57.0,31.0,0.0,149.0,3.0,49.66,9.31,32.0
19.0,7.0,514.0,42.83,166.34,57.0,31.0,0.0,149.0,3.0,49.66,9.31,32.0
19.0,8.0,34.0,8.5,106.25,6.0,1.0,0.0,149.0,3.0,49.66,9.31,32.0
19.0,9.0,514.0,42.83,166.34,57.0,31.0,0.0,149.0,3.0,49.66,9.31,32.0
19.0,9.0,320.0,35.55,114.69,34.0,9.0,3.0,443.0,17.0,26.05,7.38,21.1
19.0,13.0,320.0,35.55,114.69,34.0,9.0,3.0,443.0,17.0,26.05,7.38,21.1
19.0,13.0,320.0,35.55,114.69,34.0,9.0,3.0,443.0,17.0,26.05,7.38,21.1
19.0,13.0,320.0,35.55,114.69,34.0,9.0,3.0,443.0,17.0,26.05,7.38,21.1
19.0,13.0,320.0,35.55,114.69,34.0,9.0,3.0,443.0,17.0,26.05,7.38,21.1
19.0,13.0,320.0,35.55,114.69,34.0,9.0,3.0,443.0,17.0,26.05,7.38,21.1
19.0,13.0,514.0,42.83,166.34,57.0,31.0,0.0,149.0,3.0,49.66,9.31,32.0
19.0,14.0,320.0,35.55,114.69,34.0,9.0,0.0,149.0,3.0,49.66,9.31,32.0
19.0,15.0,514.0,42.83,166.34,57.0,31.0,0.0,149.0,3.0,49.66,9.31,32.0
19.0,19.0,514.0,42.83,166.34,57.0,31.0,0.0,149.0,3.0,49.66,9.31,32.0
19.0,23.0,514.0,42.83,166.34,57.0,31.0,0.0,149.0,3.0,49.66,9.31,32.0
19.0,25.0,514.0,42.83,166.34,57.0,31.0,0.0,149.0,3.0,49.66,9.31,32.0
19.0,25.0,320.0,35.55,114.69,34.0,9.0,3.0,443.0,17.0,26.05,7.38,21.1
19.0,26.0,514.0,42.83,166.34,57.0,31.0,3.0,443.0,17.0,26.05,7.38,21.1
19.0,26.0,514.0,42.83,166.34,57.0,31.0,3.0,443.0,17.0,26.05,7.38,21.1
19.0,30.0,514.0,42.83,166.34,57.0,31.0,3.0,443.0,17.0,26.05,7.38,21.1
19.0,30.0,320.0,35.55,114.69,34.0,9.0,3.0,443.0,17.0,26.05,7.38,21.1
19.0,30.0,320.0,35.55,114.69,34.0,9.0,3.0,443.0,17.0,26.05,7.38,21.1
19.0,31.0,320.0,35.55,114.69,34.0,9.0,0.0,149.0,3.0,49.66,9.31,32.0
19.0,35.0,320.0,35.55,114.69,34.0,9.0,0.0,149.0,3.0,49.66,9.31,32.0
19.0,35.0,320.0,35.55,114.69,34.0,9.0,0.0,149.0,3.0,49.66,9.31,32.0
19.0,39.0,320.0,35.55,114.69,34.0,9.0,0.0,149.0,3.0,49.66,9.31,32.0
19.0,45.0,320.0,35.55,114.69,34.0,9.0,0.0,149.0,3.0,49.66,9.31,32.0
19.0,49.0,320.0,35.55,114.69,34.0,9.0,0.0,149.0,3.0,49.66,9.31,32.0
19.0,50.0,320.0,35.55,114.69,34.0,9.0,3.0,443.0,17.0,26.05,7.38,21.1
19.0,50.0,320.0,35.55,114.69,34.0,9.0,3.0,443.0,17.0,26.05,7.38,21.1
19.0,50.0,320.0,35.55,114.69,34.0,9.0,3.0,443.0,17.0,26.05,7.38,21.1
19.0,50.0,320.0,35.55,114.69,34.0,9.0,3.0,443.0,17.0,26.05,7.38,21.1
19.0,51.0,147.0,18.37,132.43,12.0,8.0,3.0,443.0,17.0,26.05,7.38,21.1
19.0,51.0,147.0,18.37,132.43,12.0,8.0,3.0,443.0,17.0,26.05,7.38,21.1
30.0,0.0,436.0,33.53,137.1,51.0,19.0,1.0,420.0,14.0,30.0,7.63,23.5
30.0,0.0,436.0,33.53,137.1,51.0,19.0,1.0,420.0,14.0,30.0,7.63,23.5
30.0,4.0,436.0,33.53,137.1,51.0,19.0,1.0,420.0,14.0,30.0,7.63,23.5
30.0,4.0,436.0,33.53,137.1,51.0,19.0,1.0,420.0,14.0,30.0,7.63,23.5
30.0,4.0,436.0,33.53,137.1,51.0,19.0,1.0,420.0,14.0,30.0,7.63,23.5
30.0,8.0,436.0,33.53,137.1,51.0,19.0,1.0,420.0,14.0,30.0,7.63,23.5
30.0,12.0,155.0,31.0,117.42,22.0,1.0,0.0,383.0,17.0,22.52,7.07,19.1
30.0,13.0,436.0,33.53,137.1,51.0,19.0,0.0,383.0,17.0,22.52,7.07,19.1
30.0,14.0,155.0,31.0,117.42,22.0,1.0,0.0,383.0,17.0,22.52,7.07,19.1
30.0,18.0,155.0,31.0,117.42,22.0,1.0,0.0,383.0,17.0,22.52,7.07,19.1
30.0,18.0,155.0,31.0,117.42,22.0,1.0,0.0,383.0,17.0,22.52,7.07,19.1
30.0,18.0,155.0,31.0,117.42,22.0,1.0,0.0,383.0,17.0,22.52,7.07,19.1
30.0,22.0,436.0,33.53,137.1,51.0,19.0,0.0,230.0,8.0,28.75,8.16,21.1
30.0,22.0,436.0,33.53,137.1,51.0,19.0,0.0,230.0,8.0,28.75,8.16,21.1
30.0,22.0,81.0,10.12,176.08,7.0,6.0,0.0,230.0,8.0,28.75,8.16,21.1
30.0,22.0,81.0,10.12,176.08,7.0,6.0,0.0,230.0,8.0,28.75,8.16,21.1
30.0,26.0,81.0,10.12,176.08,7.0,6.0,0.0,230.0,8.0,28.75,8.16,21.1
30.0,32.0,81.0,10.12,176.08,7.0,6.0,0.0,230.0,8.0,28.75,8.16,21.1
30.0,32.0,161.0,80.5,153.33,15.0,9.0,0.0,383.0,17.0,22.52,7.07,19.1
30.0,33.0,155.0,31.0,117.42,22.0,1.0,0.0,383.0,17.0,22.52,7.07,19.1
30.0,33.0,155.0,31.0,117.42,22.0,1.0,0.0,383.0,17.0,22.52,7.07,19.1
30.0,33.0,155.0,31.0,117.42,22.0,1.0,0.0,383.0,17.0,22.52,7.07,19.1
30.0,33.0,155.0,31.0,117.42,22.0,1.0,0.0,383.0,17.0,22.52,7.07,19.1
30.0,33.0,155.0,31.0,117.42,22.0,1.0,0.0,383.0,17.0,22.52,7.07,19.1
30.0,33.0,161.0,80.5,153.33,15.0,9.0,1.0,420.0,14.0,30.0,7.63,23.5
30.0,33.0,161.0,80.5,153.33,15.0,9.0,1.0,420.0,14.0,30.0,7.63,23.5
30.0,37.0,161.0,80.5,153.33,15.0,9.0,1.0,420.0,14.0,30.0,7.63,23.5
30.0,41.0,161.0,80.5,153.33,15.0,9.0,1.0,420.0,14.0,30.0,7.63,23.5
30.0,41.0,161.0,80.5,153.33,15.0,9.0,1.0,420.0,14.0,30.0,7.63,23.5
30.0,44.0,155.0,31.0,117.42,22.0,1.0,1.0,420.0,14.0,30.0,7.63,23.5
30.0,48.0,161.0,80.5,153.33,15.0,9.0,0.0,383.0,17.0,22.52,7.07,19.1
30.0,48.0,161.0,80.5,153.33,15.0,9.0,0.0,383.0,17.0,22.52,7.07,19.1
30.0,52.0,161.0,80.5,153.33,15.0,9.0,0.0,383.0,17.0,22.52,7.07,19.1
30.0,52.0,161.0,80.5,153.33,15.0,9.0,0.0,383.0,17.0,22.52,7.07,19.1
30.0,52.0,161.0,80.5,153.33,15.0,9.0,0.0,383.0,17.0,22.52,7.07,19.1
30.0,53.0,161.0,80.5,153.33,15.0,9.0,0.0,383.0,17.0,22.52,7.07,19.1
30.0,57.0,161.0,80.5,153.33,15.0,9.0,0.0,383.0,17.0,22.52,7.07,19.1
30.0,0.0,128.0,25.6,164.1,13.0,8.0,0.0,145.0,5.0,29.0,8.52,20.4
30.0,0.0,128.0,25.6,164.1,13.0,8.0,0.0,145.0,5.0,29.0,8.52,20.4
30.0,0.0,128.0,25.6,164.1,13.0,8.0,0.0,145.0,5.0,29.0,8.52,20.4
30.0,4.0,128.0,25.6,164.1,13.0,8.0,0.0,145.0,5.0,29.0,8.52,20.4
30.0,5.0,441.0,49.0,121.82,54.0,8.0,0.0,145.0,5.0,29.0,8.52,20.4
30.0,5.0,441.0,49.0,121.82,54.0,8.0,0.0,145.0,5.0,29.0,8.52,20.4
30.0,5.0,128.0,25.6,164.1,13.0,8.0,1.0,442.0,15.0,29.46,8.61,20.5
30.0,11.0,128.0,25.6,164.1,13.0,8.0,1.0,442.0,15.0,29.46,8.61,20.5
30.0,11.0,128.0,25.6,164.1,13.0,8.0,1.0,442.0,15.0,29.46,8.61,20.5
30.0,13.0,128.0,25.6,164.1,13.0,8.0,1.0,442.0,15.0,29.46,8.61,20.5
30.0,14.0,441.0,49.0,121.82,54.0,8.0,1.0,442.0,15.0,29.46,8.61,20.5
30.0,14.0,441.0,49.0,121.82,54.0,8.0,1.0,442.0,15.0,29.46,8.61,20.5
30.0,14.0,128.0,25.6,164.1,13.0,8.0,0.0,145.0,5.0,29.0,8.52,20.4
30.0,14.0,435.0,31.07,179.01,43.0,25.0,0.0,145.0,5.0,29.0,8.52,20.4
30.0,14.0,435.0,31.07,179.01,43.0,25.0,0.0,145.0,5.0,29.0,8.52,20.4
30.0,14.0,435.0,31.07,179.01,43.0,25.0,0.0,145.0,5.0,29.0,8.52,20.4
30.0,15.0,441.0,49.0,121.82,54.0,8.0,0.0,145.0,5.0,29.0,8.52,20.4
30.0,15.0,441.0,49.0,121.82,54.0,8.0,0.0,145.0,5.0,29.0,8.52,20.4
30.0,19.0,435.0,31.07,179.01,43.0,25.0,1.0,442.0,15.0,29.46,8.61,20.5
30.0,19.0,435.0,31.07,179.01,43.0,25.0,1.0,442.0,15.0,29.46,8.61,20.5
30.0,23.0,435.0,31.07,179.01,43.0,25.0,1.0,442.0,15.0,29.46,8.61,20.5
30.0,29.0,435.0,31.07,179.01,43.0,25.0,1.0,442.0,15.0,29.46,8.61,20.5
30.0,30.0,435.0,31.07,179.01,43.0,25.0,1.0,442.0,15.0,29.46,8.61,20.5
30.0,30.0,435.0,31.07,179.01,43.0,25.0,1.0,442.0,15.0,29.46,8.61,20.5
30.0,31.0,441.0,49.0,121.82,54.0,8.0,1.0,442.0,15.0,29.46,8.61,20.5
30.0,35.0,435.0,31.07,179.01,43.0,25.0,0.0,145.0,5.0,29.0,8.52,20.4
30.0,41.0,435.0,31.07,179.01,43.0,25.0,0.0,145.0,5.0,29.0,8.52,20.4
30.0,47.0,435.0,31.07,179.01,43.0,25.0,0.0,145.0,5.0,29.0,8.52,20.4
30.0,51.0,435.0,31.07,179.01,43.0,25.0,0.0,145.0,5.0,29.0,8.52,20.4
30.0,52.0,441.0,49.0,121.82,54.0,8.0,0.0,145.0,5.0,29.0,8.52,20.4
30.0,56.0,441.0,49.0,121.82,54.0,8.0,0.0,145.0,5.0,29.0,8.52,20.4
30.0,57.0,441.0,49.0,121.82,54.0,8.0,0.0,284.0,11.0,25.81,7.67,20.1
30.0,61.0,441.0,49.0,121.82,54.0,8.0,0.0,284.0,11.0,25.81,7.67,20.1
30.0,65.0,441.0,49.0,121.82,54.0,8.0,0.0,284.0,11.0,25.81,7.67,20.1
30.0,66.0,435.0,31.07,179.01,43.0,25.0,0.0,284.0,11.0,25.81,7.67,20.1
30.0,72.0,435.0,31.07,179.01,43.0,25.0,0.0,284.0,11.0,25.81,7.67,20.1
30.0,72.0,435.0,31.07,179.01,43.0,25.0,0.0,284.0,11.0,25.81,7.67,20.1
28.0,0.0,76.0,12.66,97.43,7.0,4.0,1.0,301.0,11.0,27.36,6.54,25.0
28.0,0.0,76.0,12.66,97.43,7.0,4.0,1.0,301.0,11.0,27.36,6.54,25.0
28.0,0.0,76.0,12.66,97.43,7.0,4.0,1.0,301.0,11.0,27.36,6.54,25.0
28.0,1.0,131.0,21.83,112.93,9.0,6.0,1.0,301.0,11.0,27.36,6.54,25.0
28.0,2.0,76.0,12.66,97.43,7.0,4.0,1.0,301.0,11.0,27.36,6.54,25.0
28.0,2.0,76.0,12.66,97.43,7.0,4.0,1.0,301.0,11.0,27.36,6.54,25.0
28.0,2.0,131.0,21.83,112.93,9.0,6.0,0.0,348.0,12.0,29.0,7.76,22.4
28.0,7.0,76.0,12.66,97.43,7.0,4.0,0.0,348.0,12.0,29.0,7.76,22.4
28.0,7.0,76.0,12.66,97.43,7.0,4.0,0.0,348.0,12.0,29.0,7.76,22.4
28.0,8.0,131.0,21.83,112.93,9.0,6.0,0.0,348.0,12.0,29.0,7.76,22.4
28.0,8.0,320.0,35.55,161.61,41.0,8.0,0.0,348.0,12.0,29.0,7.76,22.4
28.0,8.0,320.0,35.55,161.61,41.0,8.0,0.0,348.0,12.0,29.0,7.76,22.4
28.0,8.0,76.0,12.66,97.43,7.0,4.0,1.0,301.0,11.0,27.36,6.54,25.0
28.0,9.0,320.0,35.55,161.61,41.0,8.0,1.0,301.0,11.0,27.36,6.54,25.0
28.0,9.0,320.0,35.55,161.61,41.0,8.0,1.0,301.0,11.0,27.36,6.54,25.0
28.0,13.0,320.0,35.55,161.61,41.0,8.0,1.0,301.0,11.0,27.36,6.54,25.0
28.0,14.0,76.0,12.66,97.43,7.0,4.0,1.0,301.0,11.0,27.36,6.54,25.0
28.0,14.0,76.0,12.66,97.43,7.0,4.0,1.0,301.0,11.0,27.36,6.54,25.0
28.0,15.0,76.0,12.66,97.43,7.0,4.0,0.0,348.0,12.0,29.0,7.76,22.4
28.0,15.0,76.0,12.66,97.43,7.0,4.0,0.0,348.0,12.0,29.0,7.76,22.4
28.0,15.0,76.0,12.66,97.43,7.0,4.0,0.0,348.0,12.0,29.0,7.76,22.4
28.0,16.0,320.0,35.55,161.61,41.0,8.0,0.0,348.0,12.0,29.0,7.76,22.4
28.0,20.0,320.0,35.55,161.61,41.0,8.0,0.0,348.0,12.0,29.0,7.76,22.4
28.0,21.0,76.0,12.66,97.43,7.0,4.0,0.0,348.0,12.0,29.0,7.76,22.4
28.0,25.0,320.0,35.55,161.61,41.0,8.0,1.0,301.0,11.0,27.36,6.54,25.0
28.0,29.0,320.0,35.55,161.61,41.0,8.0,1.0,301.0,11.0,27.36,6.54,25.0
28.0,30.0,320.0,35.55,161.61,41.0,8.0,1.0,301.0,11.0,27.36,6.54,25.0
28.0,30.0,320.0,35.55,161.61,41.0,8.0,1.0,301.0,11.0,27.36,6.54,25.0
28.0,34.0,320.0,35.55,161.61,41.0,8.0,1.0,301.0,11.0,27.36,6.54,25.0
28.0,38.0,320.0,35.55,161.61,41.0,8.0,1.0,301.0,11.0,27.36,6.54,25.0
28.0,40.0,320.0,35.55,161.61,41.0,8.0,1.0,301.0,11.0,27.36,6.54,25.0
28.0,43.0,320.0,35.55,161.61,41.0,8.0,0.0,236.0,11.0,21.45,8.0,16.0
28.0,43.0,320.0,35.55,161.61,41.0,8.0,0.0,236.0,11.0,21.45,8.0,16.0
28.0,45.0,320.0,35.55,161.61,41.0,8.0,0.0,236.0,11.0,21.45,8.0,16.0
28.0,51.0,320.0,35.55,161.61,41.0,8.0,0.0,236.0,11.0,21.45,8.0,16.0
28.0,51.0,320.0,35.55,161.61,41.0,8.0,0.0,236.0,11.0,21.45,8.0,16.0
28.0,55.0,320.0,35.55,161.61,41.0,8.0,0.0,236.0,11.0,21.45,8.0,16.0
28.0,56.0,320.0,35.55,161.61,41.0,8.0,0.0,236.0,11.0,21.45,8.0,16.0
28.0,0.0,34.0,8.5,106.25,6.0,1.0,0.0,112.0,4.0,28.0,7.0,24.0
28.0,0.0,34.0,8.5,106.25,6.0,1.0,0.0,112.0,4.0,28.0,7.0,24.0
28.0,1.0,514.0,42.83,166.34,57.0,31.0,0.0,112.0,4.0,28.0,7.0,24.0
28.0,1.0,514.0,42.83,166.34,57.0,31.0,0.0,112.0,4.0,28.0,7.0,24.0
28.0,1.0,514.0,42.83,166.34,57.0,31.0,0.0,112.0,4.0,28.0,7.0,24.0
28.0,2.0,34.0,8.5,106.25,6.0,1.0,0.0,112.0,4.0,28.0,7.0,24.0
28.0,2.0,514.0,42.83,166.34,57.0,31.0,2.0,350.0,15.0,23.33,6.6,21.2
28.0,3.0,34.0,8.5,106.25,6.0,1.0,2.0,350.0,15.0,23.33,6.6,21.2
28.0,9.0,34.0,8.5,106.25,6.0,1.0,2.0,350.0,15.0,23.33,6.6,21.2
28.0,9.0,34.0,8.5,106.25,6.0,1.0,2.0,350.0,15.0,23.33,6.6,21.2
28.0,9.0,34.0,8.5,106.25,6.0,1.0,2.0,350.0,15.0,23.33,6.6,21.2
28.0,10.0,34.0,8.5,106.25,6.0,1.0,2.0,350.0,15.0,23.33,6.6,21.2
28.0,14.0,34.0,8.5,106.25,6.0,1.0,2.0,350.0,15.0,23.33,6.6,21.2
28.0,14.0,514.0,42.83,166.34,57.0,31.0,0.0,112.0,4.0,28.0,7.0,24.0
28.0,14.0,514.0,42.83,166.34,57.0,31.0,0.0,112.0,4.0,28.0,7.0,24.0
28.0,14.0,514.0,42.83,166.34,57.0,31.0,0.0,112.0,4.0,28.0,7.0,24.0
28.0,14.0,320.0,35.55,114.69,34.0,9.0,0.0,112.0,4.0,28.0,7.0,24.0
28.0,14.0,178.0,29.66,132.83,19.0,5.0,0.0,112.0,4.0,28.0,7.0,24.0
28.0,18.0,178.0,29.66,132.83,19.0,5.0,0.0,112.0,4.0,28.0,7.0,24.0
28.0,18.0,320.0,35.55,114.69,34.0,9.0,2.0,350.0,15.0,23.33,6.6,21.2
28.0,19.0,178.0,29.66,132.83,19.0,5.0,2.0,350.0,15.0,23.33,6.6,21.2
28.0,19.0,178.0,29.66,132.83,19.0,5.0,2.0,350.0,15.0,23.33,6.6,21.2
28.0,20.0,178.0,29.66,132.83,19.0,5.0,2.0,350.0,15.0,23.33,6.6,21.2
28.0,21.0,320.0,35.55,114.69,34.0,9.0,2.0,350.0,15.0,23.33,6.6,21.2
28.0,21.0,320.0,35.55,114.69,34.0,9.0,2.0,350.0,15.0,23.33,6.6,21.2
28.0,21.0,320.0,35.55,114.69,34.0,9.0,2.0,350.0,15.0,23.33,6.6,21.2
28.0,21.0,178.0,29.66,132.83,19.0,5.0,0.0,420.0,11.0,38.18,8.75,26.1
28.0,25.0,178.0,29.66,132.83,19.0,5.0,0.0,420.0,11.0,38.18,8.75,26.1
28.0,25.0,178.0,29.66,132.83,19.0,5.0,0.0,420.0,11.0,38.18,8.75,26.1
28.0,29.0,178.0,29.66,132.83,19.0,5.0,0.0,420.0,11.0,38.18,8.75,26.1
28.0,30.0,320.0,35.55,114.69,34.0,9.0,0.0,420.0,11.0,38.18,8.75,26.1
28.0,34.0,320.0,35.55,114.69,34.0,9.0,0.0,420.0,11.0,38.18,8.75,26.1
28.0,34.0,178.0,29.66,132.83,19.0,5.0,0.0,442.0,19.0,23.26,8.63,16.1
28.0,35.0,320.0,35.55,114.69,34.0,9.0,0.0,442.0,19.0,23.26,8.63,16.1
28.0,37.0,320.0,35.55,114.69,34.0,9.0,0.0,442.0,19.0,23.26,8.63,16.1
28.0,37.0,320.0,35.55,114.69,34.0,9.0,0.0,442.0,19.0,23.26,8.63,16.1
28.0,38.0,178.0,29.66,132.83,19.0,5.0,0.0,442.0,19.0,23.26,8.63,16.1
28.0,38.0,178.0,29.66,132.83,19.0,5.0,0.0,442.0,19.0,23.26,8.63,16.1
16.0,0.0,25.0,8.33,80.64,4.0,0.0,0.0,383.0,17.0,22.52,7.07,19.1
16.0,1.0,371.0,28.53,124.49,35.0,11.0,0.0,383.0,17.0,22.52,7.07,19.1
16.0,1.0,25.0,8.33,80.64,4.0,0.0,0.0,383.0,17.0,22.52,7.07,19.1
16.0,1.0,25.0,8.33,80.64,4.0,0.0,0.0,383.0,17.0,22.52,7.07,19.1
16.0,1.0,25.0,8.33,80.64,4.0,0.0,0.0,383.0,17.0,22.52,7.07,19.1
16.0,1.0,25.0,8.33,80.64,4.0,0.0,0.0,383.0,17.0,22.52,7.07,19.1
16.0,1.0,149.0,37.25,183.95,13.0,10.0,0.0,266.0,22.0,12.09,6.46,11.2
16.0,1.0,149.0,37.25,183.95,13.0,10.0,0.0,266.0,22.0,12.09,6.46,11.2
16.0,2.0,25.0,8.33,80.64,4.0,0.0,0.0,266.0,22.0,12.09,6.46,11.2
16.0,2.0,25.0,8.33,80.64,4.0,0.0,0.0,266.0,22.0,12.09,6.46,11.2
16.0,3.0,149.0,37.25,183.95,13.0,10.0,0.0,266.0,22.0,12.09,6.46,11.2
16.0,4.0,149.0,37.25,183.95,13.0,10.0,0.0,266.0,22.0,12.09,6.46,11.2
16.0,10.0,149.0,37.25,183.95,13.0,10.0,0.0,266.0,22.0,12.09,6.46,11.2
16.0,16.0,25.0,8.33,80.64,4.0,0.0,0.0,383.0,17.0,22.52,7.07,19.1
16.0,16.0,25.0,8.33,80.64,4.0,0.0,0.0,383.0,17.0,22.52,7.07,19.1
16.0,16.0,149.0,37.25,183.95,13.0,10.0,0.0,383.0,17.0,22.52,7.07,19.1
16.0,16.0,149.0,37.25,183.95,13.0,10.0,0.0,383.0,17.0,22.52,7.07,19.1
16.0,17.0,199.0,18.09,108.74,23.0,4.0,0.0,383.0,17.0,22.52,7.07,19.1
16.0,17.0,199.0,18.09,108.74,23.0,4.0,0.0,383.0,17.0,22.52,7.07,19.1
16.0,17.0,149.0,37.25,183.95,13.0,10.0,0.0,266.0,22.0,12.09,6.46,11.2
16.0,21.0,149.0,37.25,183.95,13.0,10.0,0.0,266.0,22.0,12.09,6.46,11.2
16.0,21.0,149.0,37.25,183.95,13.0,10.0,0.0,266.0,22.0,12.09,6.46,11.2
16.0,25.0,149.0,37.25,183.95,13.0,10.0,0.0,266.0,22.0,12.09,6.46,11.2
16.0,25.0,149.0,37.25,183.95,13.0,10.0,0.0,266.0,22.0,12.09,6.46,11.2
16.0,25.0,149.0,37.25,183.95,13.0,10.0,0.0,266.0,22.0,12.09,6.46,11.2
16.0,29.0,199.0,18.09,108.74,23.0,4.0,0.0,383.0,17.0,22.52,7.07,19.1
16.0,33.0,199.0,18.09,108.74,23.0,4.0,0.0,383.0,17.0,22.52,7.07,19.1
16.0,37.0,199.0,18.09,108.74,23.0,4.0,0.0,383.0,17.0,22.52,7.07,19.1
16.0,38.0,149.0,37.25,183.95,13.0,10.0,0.0,383.0,17.0,22.52,7.07,19.1
16.0,38.0,149.0,37.25,183.95,13.0,10.0,0.0,383.0,17.0,22.52,7.07,19.1
16.0,42.0,149.0,37.25,183.95,13.0,10.0,0.0,383.0,17.0,22.52,7.07,19.1
16.0,42.0,199.0,18.09,108.74,23.0,4.0,1.0,420.0,14.0,30.0,7.63,23.5
16.0,42.0,199.0,18.09,108.74,23.0,4.0,1.0,420.0,14.0,30.0,7.63,23.5
16.0,42.0,199.0,18.09,108.74,23.0,4.0,1.0,420.0,14.0,30.0,7.63,23.5
16.0,43.0,149.0,37.25,183.95,13.0,10.0,1.0,420.0,14.0,30.0,7.63,23.5
16.0,47.0,149.0,37.25,183.95,13.0,10.0,1.0,420.0,14.0,30.0,7.63,23.5
16.0,53.0,149.0,37.25,183.95,13.0,10.0,1.0,420.0,14.0,30.0,7.63,23.5
16.0,0.0,441.0,49.0,121.82,54.0,8.0,1.0,366.0,11.0,33.27,8.19,24.3
16.0,0.0,441.0,49.0,121.82,54.0,8.0,1.0,366.0,11.0,33.27,8.19,24.3
16.0,1.0,34.0,8.5,87.17,3.0,1.0,1.0,366.0,11.0,33.27,8.19,24.3
16.0,1.0,34.0,8.5,87.17,3.0,1.0,1.0,366.0,11.0,33.27,8.19,24.3
16.0,1.0,435.0,31.07,179.01,43.0,25.0,1.0,366.0,11.0,33.27,8.19,24.3
16.0,5.0,435.0,31.07,179.01,43.0,25.0,1.0,366.0,11.0,33.27,8.19,24.3
16.0,9.0,441.0,49.0,121.82,54.0,8.0,0.0,357.0,13.0,27.46,8.5,19.3
16.0,10.0,435.0,31.07,179.01,43.0,25.0,0.0,357.0,13.0,27.46,8.5,19.3
16.0,14.0,435.0,31.07,179.01,43.0,25.0,0.0,357.0,13.0,27.46,8.5,19.3
16.0,14.0,435.0,31.07,179.01,43.0,25.0,0.0,357.0,13.0,27.46,8.5,19.3
16.0,14.0,435.0,31.07,179.01,43.0,25.0,0.0,357.0,13.0,27.46,8.5,19.3
16.0,18.0,435.0,31.07,179.01,43.0,25.0,0.0,357.0,13.0,27.46,8.5,19.3
16.0,18.0,441.0,49.0,121.82,54.0,8.0,1.0,366.0,11.0,33.27,8.19,24.3
16.0,19.0,435.0,31.07,179.01,43.0,25.0,1.0,366.0,11.0,33.27,8.19,24.3
16.0,19.0,435.0,31.07,179.01,43.0,25.0,1.0,366.0,11.0,33.27,8.19,24.3
16.0,20.0,441.0,49.0,121.82,54.0,8.0,1.0,366.0,11.0,33.27,8.19,24.3
16.0,21.0,435.0,31.07,179.01,43.0,25.0,1.0,366.0,11.0,33.27,8.19,24.3
16.0,21.0,435.0,31.07,179.01,43.0,25.0,1.0,366.0,11.0,33.27,8.19,24.3
16.0,25.0,441.0,49.0,121.82,54.0,8.0,0.0,357.0,13.0,27.46,8.5,19.3
16.0,26.0,435.0,31.07,179.01,43.0,25.0,0.0,357.0,13.0,27.46,8.5,19.3
16.0,26.0,441.0,49.0,121.82,54.0,8.0,0.0,357.0,13.0,27.46,8.5,19.3
16.0,26.0,441.0,49.0,121.82,54.0,8.0,0.0,357.0,13.0,27.46,8.5,19.3
16.0,30.0,441.0,49.0,121.82,54.0,8.0,0.0,357.0,13.0,27.46,8.5,19.3
16.0,31.0,472.0,47.2,151.76,46.0,19.0,0.0,357.0,13.0,27.46,8.5,19.3
16.0,31.0,441.0,49.0,121.82,54.0,8.0,0.0,182.0,5.0,36.4,7.91,27.6
16.0,32.0,472.0,47.2,151.76,46.0,19.0,0.0,182.0,5.0,36.4,7.91,27.6
16.0,33.0,472.0,47.2,151.76,46.0,19.0,0.0,182.0,5.0,36.4,7.91,27.6
16.0,34.0,441.0,49.0,121.82,54.0,8.0,0.0,182.0,5.0,36.4,7.91,27.6
16.0,34.0,441.0,49.0,121.82,54.0,8.0,0.0,182.0,5.0,36.4,7.91,27.6
16.0,38.0,441.0,49.0,121.82,54.0,8.0,0.0,182.0,5.0,36.4,7.91,27.6
16.0,39.0,472.0,47.2,151.76,46.0,19.0,0.0,182.0,5.0,36.4,7.91,27.6
16.0,39.0,441.0,49.0,121.82,54.0,8.0,0.0,357.0,13.0,27.46,8.5,19.3
16.0,39.0,441.0,49.0,121.82,54.0,8.0,0.0,357.0,13.0,27.46,8.5,19.3
16.0,39.0,441.0,49.0,121.82,54.0,8.0,0.0,357.0,13.0,27.46,8.5,19.3
16.0,40.0,472.0,47.2,151.76,46.0,19.0,0.0,357.0,13.0,27.46,8.5,19.3
16.0,40.0,472.0,47.2,151.76,46.0,19.0,0.0,357.0,13.0,27.46,8.5,19.3
16.0,41.0,441.0,49.0,121.82,54.0,8.0,0.0,357.0,13.0,27.46,8.5,19.3
19.0,0.0,349.0,29.08,113.68,33.0,15.0,0.0,149.0,3.0,49.66,9.31,32.0
19.0,2.0,349.0,29.08,113.68,33.0,15.0,0.0,149.0,3.0,49.66,9.31,32.0
19.0,3.0,188.0,62.66,204.34,13.0,15.0,0.0,149.0,3.0,49.66,9.31,32.0
19.0,3.0,188.0,62.66,204.34,13.0,15.0,0.0,149.0,3.0,49.66,9.31,32.0
19.0,4.0,349.0,29.08,113.68,33.0,15.0,0.0,149.0,3.0,49.66,9.31,32.0
19.0,4.0,349.0,29.08,113.68,33.0,15.0,0.0,149.0,3.0,49.66,9.31,32.0
19.0,8.0,188.0,62.66,204.34,13.0,15.0,3.0,443.0,17.0,26.05,7.38,21.1
19.0,8.0,188.0,62.66,204.34,13.0,15.0,3.0,443.0,17.0,26.05,7.38,21.1
19.0,8.0,188.0,62.66,204.34,13.0,15.0,3.0,443.0,17.0,26.05,7.38,21.1
19.0,9.0,188.0,62.66,204.34,13.0,15.0,3.0,443.0,17.0,26.05,7.38,21.1
19.0,13.0,188.0,62.66,204.34,13.0,15.0,3.0,443.0,17.0,26.05,7.38,21.1
19.0,19.0,188.0,62.66,204.34,13.0,15.0,3.0,443.0,17.0,26.05,7.38,21.1
19.0,23.0,188.0,62.66,204.34,13.0,15.0,3.0,443.0,17.0,26.05,7.38,21.1
19.0,24.0,188.0,62.66,204.34,13.0,15.0,0.0,149.0,3.0,49.66,9.31,32.0
19.0,26.0,188.0,62.66,204.34,13.0,15.0,0.0,149.0,3.0,49.66,9.31,32.0
19.0,32.0,188.0,62.66,204.34,13.0,15.0,0.0,149.0,3.0,49.66,9.31,32.0
19.0,32.0,39.0,9.75,73.58,2.0,1.0,0.0,149.0,3.0,49.66,9.31,32.0
19.0,32.0,159.0,31.8,133.61,12.0,7.0,0.0,149.0,3.0,49.66,9.31,32.0
19.0,32.0,159.0,31.8,133.61,12.0,7.0,0.0,149.0,3.0,49.66,9.31,32.0
19.0,32.0,349.0,29.08,113.68,33.0,15.0,3.0,443.0,17.0,26.05,7.38,21.1
19.0,33.0,159.0,31.8,133.61,12.0,7.0,3.0,443.0,17.0,26.05,7.38,21.1
19.0,33.0,159.0,31.8,133.61,12.0,7.0,3.0,443.0,17.0,26.05,7.38,21.1
19.0,37.0,159.0,31.8,133.61,12.0,7.0,3.0,443.0,17.0,26.05,7.38,21.1
19.0,37.0,159.0,31.8,133.61,12.0,7.0,3.0,443.0,17.0,26.05,7.38,21.1
19.0,37.0,159.0,31.8,133.61,12.0,7.0,3.0,443.0,17.0,26.05,7.38,21.1
19.0,38.0,159.0,31.8,133.61,12.0,7.0,0.0,236.0,7.0,33.71,10.72,18.8
19.0,38.0,159.0,31.8,133.61,12.0,7.0,0.0,236.0,7.0,33.71,10.72,18.8
19.0,38.0,159.0,31.8,133.61,12.0,7.0,0.0,236.0,7.0,33.71,10.72,18.8
19.0,38.0,159.0,31.8,133.61,12.0,7.0,0.0,236.0,7.0,33.71,10.72,18.8
19.0,42.0,159.0,31.8,133.61,12.0,7.0,0.0,236.0,7.0,33.71,10.72,18.8
19.0,46.0,159.0,31.8,133.61,12.0,7.0,0.0,236.0,7.0,33.71,10.72,18.8
19.0,50.0,349.0,29.08,113.68,33.0,15.0,3.0,443.0,17.0,26.05,7.38,21.1
19.0,50.0,349.0,29.08,113.68,33.0,15.0,3.0,443.0,17.0,26.05,7.38,21.1
19.0,51.0,159.0,31.8,133.61,12.0,7.0,3.0,443.0,17.0,26.05,7.38,21.1
19.0,55.0,159.0,31.8,133.61,12.0,7.0,3.0,443.0,17.0,26.05,7.38,21.1
19.0,61.0,159.0,31.8,133.61,12.0,7.0,3.0,443.0,17.0,26.05,7.38,21.1
19.0,61.0,319.0,29.0,123.16,19.0,17.0,3.0,443.0,17.0,26.05,7.38,21.1
19.0,0.0,302.0,27.45,101.68,42.0,3.0,0.0,260.0,9.0,28.88,6.66,26.0
19.0,0.0,302.0,27.45,101.68,42.0,3.0,0.0,260.0,9.0,28.88,6.66,26.0
19.0,0.0,302.0,27.45,101.68,42.0,3.0,0.0,260.0,9.0,28.88,6.66,26.0
19.0,1.0,302.0,27.45,101.68,42.0,3.0,0.0,260.0,9.0,28.88,6.66,26.0
19.0,1.0,302.0,27.45,101.68,42.0,3.0,0.0,260.0,9.0,28.88,6.66,26.0
19.0,1.0,302.0,27.45,101.68,42.0,3.0,0.0,260.0,9.0,28.88,6.66,26.0
19.0,5.0,302.0,27.45,101.68,42.0,3.0,0.0,260.0,9.0,28.88,6.66,26.0
19.0,5.0,189.0,63.0,144.27,24.0,6.0,1.0,329.0,7.0,47.0,7.8,36.1
19.0,5.0,189.0,63.0,144.27,24.0,6.0,1.0,329.0,7.0,47.0,7.8,36.1
19.0,6.0,302.0,27.45,101.68,42.0,3.0,1.0,329.0,7.0,47.0,7.8,36.1
19.0,6.0,302.0,27.45,101.68,42.0,3.0,1.0,329.0,7.0,47.0,7.8,36.1
19.0,6.0,302.0,27.45,101.68,42.0,3.0,1.0,329.0,7.0,47.0,7.8,36.1
19.0,8.0,302.0,27.45,101.68,42.0,3.0,1.0,329.0,7.0,47.0,7.8,36.1
19.0,8.0,189.0,63.0,144.27,24.0,6.0,0.0,260.0,9.0,28.88,6.66,26.0
19.0,8.0,189.0,63.0,144.27,24.0,6.0,0.0,260.0,9.0,28.88,6.66,26.0
19.0,12.0,189.0,63.0,144.27,24.0,6.0,0.0,260.0,9.0,28.88,6.66,26.0
19.0,12.0,189.0,63.0,144.27,24.0,6.0,0.0,260.0,9.0,28.88,6.66,26.0
19.0,13.0,302.0,27.45,101.68,42.0,3.0,0.0,260.0,9.0,28.88,6.66,26.0
19.0,13.0,302.0,27.45,101.68,42.0,3.0,0.0,260.0,9.0,28.88,6.66,26.0
19.0,18.0,302.0,27.45,101.68,42.0,3.0,0.0,260.0,9.0,28.88,6.66,26.0
19.0,18.0,189.0,63.0,144.27,24.0,6.0,1.0,329.0,7.0,47.0,7.8,36.1
19.0,20.0,302.0,27.45,101.68,42.0,3.0,1.0,329.0,7.0,47.0,7.8,36.1
19.0,24.0,302.0,27.45,101.68,42.0,3.0,1.0,329.0,7.0,47.0,7.8,36.1
19.0,24.0,302.0,27.45,101.68,42.0,3.0,1.0,329.0,7.0,47.0,7.8,36.1
19.0,25.0,189.0,63.0,144.27,24.0,6.0,1.0,329.0,7.0,47.0,7.8,36.1
19.0,25.0,189.0,63.0,144.27,24.0,6.0,1.0,329.0,7.0,47.0,7.8,36.1
19.0,25.0,189.0,63.0,144.27,24.0,6.0,1.0,329.0,7.0,47.0,7.8,36.1
19.0,25.0,302.0,27.45,101.68,42.0,3.0,0.0,260.0,9.0,28.88,6.66,26.0
19.0,29.0,302.0,27.45,101.68,42.0,3.0,0.0,260.0,9.0,28.88,6.66,26.0
19.0,30.0,189.0,63.0,144.27,24.0,6.0,0.0,260.0,9.0,28.88,6.66,26.0
19.0,30.0,189.0,63.0,144.27,24.0,6.0,0.0,260.0,9.0,28.88,6.66,26.0
19.0,34.0,189.0,63.0,144.27,24.0,6.0,0.0,260.0,9.0,28.88,6.66,26.0
19.0,35.0,302.0,27.45,101.68,42.0,3.0,0.0,260.0,9.0,28.88,6.66,26.0
19.0,35.0,189.0,63.0,144.27,24.0,6.0,0.0,207.0,8.0,25.87,7.96,19.5
19.0,39.0,189.0,63.0,144.27,24.0,6.0,0.0,207.0,8.0,25.87,7.96,19.5
19.0,43.0,189.0,63.0,144.27,24.0,6.0,0.0,207.0,8.0,25.87,7.96,19.5
19.0,44.0,302.0,27.45,101.68,42.0,3.0,0.0,207.0,8.0,25.87,7.96,19.5
19.0,45.0,189.0,63.0,144.27,24.0,6.0,0.0,207.0,8.0,25.87,7.96,19.5
19.0,45.0,189.0,63.0,144.27,24.0,6.0,0.0,207.0,8.0,25.87,7.96,19.5
6.0,0.0,34.0,8.5,106.25,6.0,1.0,1.0,442.0,15.0,29.46,8.61,20.5
6.0,0.0,34.0,8.5,106.25,6.0,1.0,1.0,442.0,15.0,29.46,8.61,20.5
6.0,4.0,34.0,8.5,106.25,6.0,1.0,1.0,442.0,15.0,29.46,8.61,20.5
6.0,4.0,34.0,8.5,106.25,6.0,1.0,1.0,442.0,15.0,29.46,8.61,20.5
6.0,5.0,514.0,42.83,166.34,57.0,31.0,1.0,442.0,15.0,29.46,8.61,20.5
6.0,6.0,514.0,42.83,166.34,57.0,31.0,1.0,442.0,15.0,29.46,8.61,20.5
6.0,6.0,514.0,42.83,166.34,57.0,31.0,1.0,442.0,15.0,29.46,8.61,20.5
6.0,6.0,34.0,8.5,106.25,6.0,1.0,0.0,99.0,2.0,49.5,9.0,33.0
6.0,6.0,34.0,8.5,106.25,6.0,1.0,0.0,99.0,2.0,49.5,9.0,33.0
6.0,6.0,34.0,8.5,106.25,6.0,1.0,0.0,99.0,2.0,49.5,9.0,33.0
6.0,10.0,34.0,8.5,106.25,6.0,1.0,0.0,99.0,2.0,49.5,9.0,33.0
6.0,10.0,34.0,8.5,106.25,6.0,1.0,0.0,99.0,2.0,49.5,9.0,33.0
6.0,10.0,34.0,8.5,106.25,6.0,1.0,0.0,99.0,2.0,49.5,9.0,33.0
6.0,14.0,514.0,42.83,166.34,57.0,31.0,1.0,442.0,15.0,29.46,8.61,20.5
6.0,15.0,34.0,8.5,106.25,6.0,1.0,1.0,442.0,15.0,29.46,8.61,20.5
6.0,15.0,4.0,2.0,23.52,1.0,0.0,1.0,442.0,15.0,29.46,8.61,20.5
6.0,15.0,4.0,2.0,23.52,1.0,0.0,1.0,442.0,15.0,29.46,8.61,20.5
6.0,15.0,4.0,2.0,23.52,1.0,0.0,1.0,442.0,15.0,29.46,8.61,20.5
6.0,15.0,4.0,2.0,23.52,1.0,0.0,1.0,442.0,15.0,29.46,8.61,20.5
6.0,15.0,514.0,42.83,166.34,57.0,31.0,0.0,219.0,4.0,54.75,8.76,37.5
6.0,15.0,514.0,42.83,166.34,57.0,31.0,0.0,219.0,4.0,54.75,8.76,37.5
6.0,18.0,4.0,2.0,23.52,1.0,0.0,0.0,219.0,4.0,54.75,8.76,37.5
6.0,18.0,4.0,2.0,23.52,1.0,0.0,0.0,219.0,4.0,54.75,8.76,37.5
6.0,18.0,4.0,2.0,23.52,1.0,0.0,0.0,219.0,4.0,54.75,8.76,37.5
6.0,18.0,514.0,42.83,166.34,57.0,31.0,0.0,219.0,4.0,54.75,8.76,37.5
6.0,18.0,320.0,35.55,114.69,34.0,9.0,0.0,99.0,2.0,49.5,9.0,33.0
6.0,19.0,514.0,42.83,166.34,57.0,31.0,0.0,99.0,2.0,49.5,9.0,33.0
6.0,19.0,514.0,42.83,166.34,57.0,31.0,0.0,99.0,2.0,49.5,9.0,33.0
6.0,19.0,514.0,42.83,166.34,57.0,31.0,0.0,99.0,2.0,49.5,9.0,33.0
6.0,20.0,514.0,42.83,166.34,57.0,31.0,0.0,99.0,2.0,49.5,9.0,33.0
6.0,21.0,320.0,35.55,114.69,34.0,9.0,0.0,99.0,2.0,49.5,9.0,33.0
6.0,22.0,514.0,42.83,166.34,57.0,31.0,0.0,99.0,2.0,49.5,9.0,33.0
6.0,22.0,320.0,35.55,114.69,34.0,9.0,0.0,225.0,9.0,25.0,7.5,20.0
6.0,23.0,320.0,35.55,114.69,34.0,9.0,0.0,225.0,9.0,25.0,7.5,20.0
6.0,27.0,320.0,35.55,114.69,34.0,9.0,0.0,225.0,9.0,25.0,7.5,20.0
6.0,27.0,147.0,18.37,132.43,12.0,8.0,0.0,225.0,9.0,25.0,7.5,20.0
6.0,27.0,147.0,18.37,132.43,12.0,8.0,0.0,225.0,9.0,25.0,7.5,20.0
6.0,27.0,147.0,18.37,132.43,12.0,8.0,0.0,225.0,9.0,25.0,7.5,20.0
6.0,27.0,147.0,18.37,132.43,12.0,8.0,0.0,225.0,9.0,25.0,7.5,20.0
6.0,0.0,436.0,33.53,137.1,51.0,19.0,0.0,348.0,12.0,29.0,7.76,22.4
6.0,0.0,436.0,33.53,137.1,51.0,19.0,0.0,348.0,12.0,29.0,7.76,22.4
6.0,4.0,436.0,33.53,137.1,51.0,19.0,0.0,348.0,12.0,29.0,7.76,22.4
6.0,8.0,436.0,33.53,137.1,51.0,19.0,0.0,348.0,12.0,29.0,7.76,22.4
6.0,8.0,436.0,33.53,137.1,51.0,19.0,0.0,348.0,12.0,29.0,7.76,22.4
6.0,9.0,155.0,31.0,117.42,22.0,1.0,0.0,348.0,12.0,29.0,7.76,22.4
6.0,10.0,155.0,31.0,117.42,22.0,1.0,1.0,301.0,11.0,27.36,6.54,25.0
6.0,11.0,436.0,33.53,137.1,51.0,19.0,1.0,301.0,11.0,27.36,6.54,25.0
6.0,15.0,436.0,33.53,137.1,51.0,19.0,1.0,301.0,11.0,27.36,6.54,25.0
6.0,15.0,436.0,33.53,137.1,51.0,19.0,1.0,301.0,11.0,27.36,6.54,25.0
6.0,16.0,155.0,31.0,117.42,22.0,1.0,1.0,301.0,11.0,27.36,6.54,25.0
6.0,16.0,155.0,31.0,117.42,22.0,1.0,1.0,301.0,11.0,27.36,6.54,25.0
6.0,20.0,436.0,33.53,137.1,51.0,19.0,0.0,348.0,12.0,29.0,7.76,22.4
6.0,20.0,436.0,33.53,137.1,51.0,19.0,0.0,348.0,12.0,29.0,7.76,22.4
6.0,24.0,436.0,33.53,137.1,51.0,19.0,0.0,348.0,12.0,29.0,7.76,22.4
6.0,25.0,155.0,31.0,117.42,22.0,1.0,0.0,348.0,12.0,29.0,7.76,22.4
6.0,25.0,155.0,31.0,117.42,22.0,1.0,0.0,348.0,12.0,29.0,7.76,22.4
6.0,29.0,155.0,31.0,117.42,22.0,1.0,0.0,348.0,12.0,29.0,7.76,22.4
6.0,29.0,436.0,33.53,137.1,51.0,19.0,0.0,236.0,11.0,21.45,8.0,16.0
6.0,29.0,436.0,33.53,137.1,51.0,19.0,0.0,236.0,11.0,21.45,8.0,16.0
6.0,29.0,436.0,33.53,137.1,51.0,19.0,0.0,236.0,11.0,21.45,8.0,16.0
6.0,33.0,436.0,33.53,137.1,51.0,19.0,0.0,236.0,11.0,21.45,8.0,16.0
6.0,37.0,436.0,33.53,137.1,51.0,19.0,0.0,236.0,11.0,21.45,8.0,16.0
6.0,37.0,436.0,33.53,137.1,51.0,19.0,0.0,236.0,11.0,21.45,8.0,16.0
6.0,37.0,155.0,31.0,117.42,22.0,1.0,1.0,159.0,4.0,39.75,7.57,31.5
6.0,37.0,155.0,31.0,117.42,22.0,1.0,1.0,159.0,4.0,39.75,7.57,31.5
6.0,38.0,436.0,33.53,137.1,51.0,19.0,1.0,159.0,4.0,39.75,7.57,31.5
6.0,38.0,436.0,33.53,137.1,51.0,19.0,1.0,159.0,4.0,39.75,7.57,31.5
6.0,40.0,436.0,33.53,137.1,51.0,19.0,1.0,159.0,4.0,39.75,7.57,31.5
6.0,46.0,436.0,33.53,137.1,51.0,19.0,1.0,159.0,4.0,39.75,7.57,31.5
6.0,47.0,436.0,33.53,137.1,51.0,19.0,0.0,60.0,2.0,30.0,10.0,18.0
6.0,51.0,436.0,33.53,137.1,51.0,19.0,0.0,60.0,2.0,30.0,10.0,18.0
6.0,51.0,436.0,33.53,137.1,51.0,19.0,0.0,60.0,2.0,30.0,10.0,18.0
6.0,51.0,436.0,33.53,137.1,51.0,19.0,0.0,60.0,2.0,30.0,10.0,18.0
6.0,57.0,436.0,33.53,137.1,51.0,19.0,0.0,60.0,2.0,30.0,10.0,18.0
6.0,58.0,436.0,33.53,137.1,51.0,19.0,0.0,60.0,2.0,30.0,10.0,18.0
6.0,59.0,155.0,31.0,117.42,22.0,1.0,0.0,60.0,2.0,30.0,10.0,18.0
28.0,0.0,534.0,41.07,140.89,68.0,8.0,0.0,112.0,4.0,28.0,7.0,24.0
28.0,0.0,534.0,41.07,140.89,68.0,8.0,0.0,112.0,4.0,28.0,7.0,24.0
28.0,1.0,406.0,33.83,184.54,46.0,21.0,0.0,112.0,4.0,28.0,7.0,24.0
28.0,2.0,534.0,41.07,140.89,68.0,8.0,0.0,112.0,4.0,28.0,7.0,24.0
28.0,3.0,406.0,33.83,184.54,46.0,21.0,0.0,112.0,4.0,28.0,7.0,24.0
28.0,7.0,406.0,33.83,184.54,46.0,21.0,0.0,112.0,4.0,28.0,7.0,24.0
28.0,8.0,406.0,33.83,184.54,46.0,21.0,2.0,350.0,15.0,23.33,6.6,21.2
28.0,9.0,406.0,33.83,184.54,46.0,21.0,2.0,350.0,15.0,23.33,6.6,21.2
28.0,10.0,534.0,41.07,140.89,68.0,8.0,2.0,350.0,15.0,23.33,6.6,21.2
28.0,11.0,406.0,33.83,184.54,46.0,21.0,2.0,350.0,15.0,23.33,6.6,21.2
28.0,11.0,406.0,33.83,184.54,46.0,21.0,2.0,350.0,15.0,23.33,6.6,21.2
28.0,11.0,340.0,37.77,115.25,35.0,8.0,2.0,350.0,15.0,23.33,6.6,21.2
28.0,11.0,340.0,37.77,115.25,35.0,8.0,2.0,350.0,15.0,23.33,6.6,21.2
28.0,11.0,534.0,41.07,140.89,68.0,8.0,0.0,112.0,4.0,28.0,7.0,24.0
28.0,11.0,534.0,41.07,140.89,68.0,8.0,0.0,112.0,4.0,28.0,7.0,24.0
28.0,12.0,340.0,37.77,115.25,35.0,8.0,0.0,112.0,4.0,28.0,7.0,24.0
28.0,12.0,52.0,13.0,110.63,5.0,0.0,0.0,112.0,4.0,28.0,7.0,24.0
28.0,16.0,52.0,13.0,110.63,5.0,0.0,0.0,112.0,4.0,28.0,7.0,24.0
28.0,16.0,52.0,13.0,110.63,5.0,0.0,0.0,112.0,4.0,28.0,7.0,24.0
